color,director_name,num_critic_for_reviews,duration,director_facebook_likes,actor_3_facebook_likes,actor_2_name,actor_1_facebook_likes,gross,genres,actor_1_name,movie_title,num_voted_users,cast_total_facebook_likes,actor_3_name,facenumber_in_poster,plot_keywords,movie_imdb_link,num_user_for_reviews,language,country,content_rating,budget,title_year,actor_2_facebook_likes,imdb_score,aspect_ratio,movie_facebook_likes,budget_in_millions
Color,James Cameron,723,178,0,855,Joel David Moore,1000,760505847,Action|Adventure|Fantasy|Sci-Fi,CCH Pounder,Avatar,886204,4834,Wes Studi,0,avatar|future|marine|native|paraplegic,http://www.imdb.com/title/tt0499549/?ref_=fn_tt_tt_1,3054,English,USA,PG-13,237e6,2009,936,7.9,1.78,33000,237.0
Color,Gore Verbinski,302,169,563,1000,Orlando Bloom,40000,309404152,Action|Adventure|Fantasy,Johnny Depp,Pirates of the Caribbean: At World's End,471220,48350,Jack Davenport,0,goddess|marriage ceremony|marriage proposal|pirate|singapore,http://www.imdb.com/title/tt0449088/?ref_=fn_tt_tt_1,1238,English,USA,PG-13,3e8,2007,5000,7.1,2.35,0,300.0
Color,Christopher Nolan,813,164,22000,23000,Christian Bale,27000,448130642,Action|Thriller,Tom Hardy,The Dark Knight Rises,1144337,106759,Joseph Gordon-Levitt,0,deception|imprisonment|lawlessness|police officer|terrorist plot,http://www.imdb.com/title/tt1345836/?ref_=fn_tt_tt_1,2701,English,USA,PG-13,25e7,2012,23000,8.5,2.35,164000,250.0
Color,Andrew Stanton,462,132,475,530,Samantha Morton,640,73058679,Action|Adventure|Sci-Fi,Daryl Sabara,John Carter,212204,1873,Polly Walker,1,alien|american civil war|male nipple|mars|princess,http://www.imdb.com/title/tt0401729/?ref_=fn_tt_tt_1,738,English,USA,PG-13,2637e5,2012,632,6.6,2.35,24000,263.7
Color,Sam Raimi,392,156,0,4000,James Franco,24000,336530303,Action|Adventure|Romance,J.K. Simmons,Spider-Man 3,383056,46055,Kirsten Dunst,0,sandman|spider man|symbiote|venom|villain,http://www.imdb.com/title/tt0413300/?ref_=fn_tt_tt_1,1902,English,USA,PG-13,258e6,2007,11000,6.2,2.35,0,258.0
Color,Nathan Greno,324,100,15,284,Donna Murphy,799,200807262,Adventure|Animation|Comedy|Family|Fantasy|Musical|Romance,Brad Garrett,Tangled,294810,2036,M.C. Gainey,1,17th century|based on fairy tale|disney|flower|tower,http://www.imdb.com/title/tt0398286/?ref_=fn_tt_tt_1,387,English,USA,PG,26e7,2010,553,7.8,1.85,29000,260.0
Color,Joss Whedon,635,141,0,19000,Robert Downey Jr.,26000,458991599,Action|Adventure|Sci-Fi,Chris Hemsworth,Avengers: Age of Ultron,462669,92000,Scarlett Johansson,4,artificial intelligence|based on comic book|captain america|marvel cinematic universe|superhero,http://www.imdb.com/title/tt2395427/?ref_=fn_tt_tt_1,1117,English,USA,PG-13,25e7,2015,21000,7.5,2.35,118000,250.0
Color,Zack Snyder,673,183,0,2000,Lauren Cohan,15000,330249062,Action|Adventure|Sci-Fi,Henry Cavill,Batman v Superman: Dawn of Justice,371639,24450,Alan D. Purwin,0,based on comic book|batman|sequel to a reboot|superhero|superman,http://www.imdb.com/title/tt2975590/?ref_=fn_tt_tt_1,3018,English,USA,PG-13,25e7,2016,4000,6.9,2.35,197000,250.0
Color,Bryan Singer,434,169,0,903,Marlon Brando,18000,200069408,Action|Adventure|Sci-Fi,Kevin Spacey,Superman Returns,240396,29991,Frank Langella,0,crystal|epic|lex luthor|lois lane|return to earth,http://www.imdb.com/title/tt0348150/?ref_=fn_tt_tt_1,2367,English,USA,PG-13,209e6,2006,10000,6.1,2.35,0,209.0
Color,Gore Verbinski,313,151,563,1000,Orlando Bloom,40000,423032628,Action|Adventure|Fantasy,Johnny Depp,Pirates of the Caribbean: Dead Man's Chest,522040,48486,Jack Davenport,2,box office hit|giant squid|heart|liar's dice|monster,http://www.imdb.com/title/tt0383574/?ref_=fn_tt_tt_1,1832,English,USA,PG-13,225e6,2006,5000,7.3,2.35,5000,225.0
Color,Gore Verbinski,450,150,563,1000,Ruth Wilson,40000,89289910,Action|Adventure|Western,Johnny Depp,The Lone Ranger,181792,45757,Tom Wilkinson,1,horse|outlaw|texas|texas ranger|train,http://www.imdb.com/title/tt1210819/?ref_=fn_tt_tt_1,711,English,USA,PG-13,215e6,2013,2000,6.5,2.35,48000,215.0
Color,Zack Snyder,733,143,0,748,Christopher Meloni,15000,291021565,Action|Adventure|Fantasy|Sci-Fi,Henry Cavill,Man of Steel,548573,20495,Harry Lennix,0,based on comic book|british actor playing american character|final battle|origin of hero|reboot,http://www.imdb.com/title/tt0770828/?ref_=fn_tt_tt_1,2536,English,USA,PG-13,225e6,2013,3000,7.2,2.35,118000,225.0
Color,Andrew Adamson,258,150,80,201,Pierfrancesco Favino,22000,141614023,Action|Adventure|Family|Fantasy,Peter Dinklage,The Chronicles of Narnia: Prince Caspian,149922,22697,DamiÃ¡n AlcÃ¡zar,4,brother brother relationship|brother sister relationship|good versus evil|king|narnia,http://www.imdb.com/title/tt0499448/?ref_=fn_tt_tt_1,438,English,USA,PG,225e6,2008,216,6.6,2.35,0,225.0
Color,Joss Whedon,703,173,0,19000,Robert Downey Jr.,26000,623279547,Action|Adventure|Sci-Fi,Chris Hemsworth,The Avengers,995415,87697,Scarlett Johansson,3,alien invasion|assassin|battle|iron man|soldier,http://www.imdb.com/title/tt0848228/?ref_=fn_tt_tt_1,1722,English,USA,PG-13,22e7,2012,21000,8.1,1.85,123000,220.0
Color,Rob Marshall,448,136,252,1000,Sam Claflin,40000,241063875,Action|Adventure|Fantasy,Johnny Depp,Pirates of the Caribbean: On Stranger Tides,370704,54083,Stephen Graham,4,blackbeard|captain|pirate|revenge|soldier,http://www.imdb.com/title/tt1298650/?ref_=fn_tt_tt_1,484,English,USA,PG-13,25e7,2011,11000,6.7,2.35,58000,250.0
Color,Barry Sonnenfeld,451,106,188,718,Michael Stuhlbarg,10000,179020854,Action|Adventure|Comedy|Family|Fantasy|Sci-Fi,Will Smith,Men in Black 3,268154,12572,Nicole Scherzinger,1,alien|criminal|m.i.b.|maximum security prison|prison,http://www.imdb.com/title/tt1409024/?ref_=fn_tt_tt_1,341,English,USA,PG-13,225e6,2012,816,6.8,1.85,40000,225.0
Color,Marc Webb,599,153,464,963,Andrew Garfield,15000,262030663,Action|Adventure|Fantasy,Emma Stone,The Amazing Spider-Man,451803,28489,Chris Zylka,0,lizard|outcast|spider|spider man|teenager,http://www.imdb.com/title/tt0948470/?ref_=fn_tt_tt_1,1225,English,USA,PG-13,23e7,2012,10000,7.0,2.35,56000,230.0
Color,Ridley Scott,343,156,0,738,William Hurt,891,105219735,Action|Adventure|Drama|History,Mark Addy,Robin Hood,211765,3244,Scott Grimes,0,1190s|archer|england|king of england|robin hood,http://www.imdb.com/title/tt0955308/?ref_=fn_tt_tt_1,546,English,USA,PG-13,2e8,2010,882,6.7,2.35,17000,200.0
Color,Peter Jackson,509,186,0,773,Adam Brown,5000,258355354,Adventure|Fantasy,Aidan Turner,The Hobbit: The Desolation of Smaug,483540,9152,James Nesbitt,6,dwarf|elf|lake town|mountain|sword and sorcery,http://www.imdb.com/title/tt1170358/?ref_=fn_tt_tt_1,951,English,USA,PG-13,225e6,2013,972,7.9,2.35,83000,225.0
Color,Chris Weitz,251,113,129,1000,Eva Green,16000,70083519,Adventure|Family|Fantasy,Christopher Lee,The Golden Compass,149019,24106,Kristin Scott Thomas,2,children|epic|friend|girl|quest,http://www.imdb.com/title/tt0385752/?ref_=fn_tt_tt_1,666,English,USA,PG-13,18e7,2007,6000,6.1,2.35,0,180.0
Color,James Cameron,315,194,0,794,Kate Winslet,29000,658672302,Drama|Romance,Leonardo DiCaprio,Titanic,793059,45223,Gloria Stuart,0,artist|love|ship|titanic|wet,http://www.imdb.com/title/tt0120338/?ref_=fn_tt_tt_1,2528,English,USA,PG-13,2e8,1997,14000,7.7,2.35,26000,200.0
Color,Anthony Russo,516,147,94,11000,Scarlett Johansson,21000,407197282,Action|Adventure|Sci-Fi,Robert Downey Jr.,Captain America: Civil War,272670,64798,Chris Evans,0,based on comic book|knife|marvel cinematic universe|returning character killed off|superhero,http://www.imdb.com/title/tt3498820/?ref_=fn_tt_tt_1,1022,English,USA,PG-13,25e7,2016,19000,8.2,2.35,72000,250.0
Color,Peter Berg,377,131,532,627,Alexander SkarsgÃ¥rd,14000,65173160,Action|Adventure|Sci-Fi|Thriller,Liam Neeson,Battleship,202382,26679,Tadanobu Asano,0,box office flop|hawaii|naval|oahu hawaii|ship,http://www.imdb.com/title/tt1440129/?ref_=fn_tt_tt_1,751,English,USA,PG-13,209e6,2012,10000,5.9,2.35,44000,209.0
Color,Colin Trevorrow,644,124,365,1000,Judy Greer,3000,652177271,Action|Adventure|Sci-Fi|Thriller,Bryce Dallas Howard,Jurassic World,418214,8458,Omar Sy,0,dinosaur|disaster film|experiment gone wrong|jurassic park|velociraptor,http://www.imdb.com/title/tt0369610/?ref_=fn_tt_tt_1,1290,English,USA,PG-13,15e7,2015,2000,7.0,2.0,150000,150.0
Color,Sam Raimi,300,135,0,4000,James Franco,24000,373377893,Action|Adventure|Fantasy|Romance,J.K. Simmons,Spider-Man 2,411164,43388,Kirsten Dunst,1,death|doctor|scientist|super villain|tentacle,http://www.imdb.com/title/tt0316654/?ref_=fn_tt_tt_1,1303,English,USA,PG-13,2e8,2004,11000,7.3,2.35,0,200.0
Color,Shane Black,608,195,1000,3000,Jon Favreau,21000,408992272,Action|Adventure|Sci-Fi,Robert Downey Jr.,Iron Man 3,557489,30426,Don Cheadle,3,armor|explosion|human bomb|missile attack|terrorist,http://www.imdb.com/title/tt1300854/?ref_=fn_tt_tt_1,1187,English,USA,PG-13,2e8,2013,4000,7.2,2.35,95000,200.0
Color,Tim Burton,451,108,13000,11000,Alan Rickman,40000,334185206,Adventure|Family|Fantasy,Johnny Depp,Alice in Wonderland,306320,79957,Anne Hathaway,0,alice in wonderland|mistaking reality for dream|queen|shrinking|shrinking potion,http://www.imdb.com/title/tt1014759/?ref_=fn_tt_tt_1,736,English,USA,PG,2e8,2010,25000,6.5,1.85,24000,200.0
Color,Dan Scanlon,376,104,37,760,Tyler Labine,12000,268488329,Adventure|Animation|Comedy|Family|Fantasy,Steve Buscemi,Monsters University,235025,14863,Sean Hayes,0,cheating|fraternity|monster|singing in a car|university,http://www.imdb.com/title/tt1453405/?ref_=fn_tt_tt_1,265,English,USA,G,2e8,2013,779,7.3,1.85,44000,200.0
Color,Michael Bay,366,150,0,464,Kevin Dunn,894,402076689,Action|Adventure|Sci-Fi,Glenn Morshower,Transformers: Revenge of the Fallen,323207,3218,Ramon Rodriguez,0,autobot|decepticon|machine|sun|symbol,http://www.imdb.com/title/tt1055369/?ref_=fn_tt_tt_1,1439,English,USA,PG-13,2e8,2009,581,6.0,2.35,0,200.0
Color,Michael Bay,378,165,0,808,Sophia Myles,974,245428137,Action|Adventure|Sci-Fi,Bingbing Li,Transformers: Age of Extinction,242420,3988,Kelsey Grammer,2,blockbuster|bumblebee the character|semi truck and trailer|texas|truck,http://www.imdb.com/title/tt2109248/?ref_=fn_tt_tt_1,918,English,USA,PG-13,21e7,2014,956,5.7,2.35,56000,210.0
Color,Sam Raimi,525,130,0,11000,Mila Kunis,44000,234903076,Adventure|Family|Fantasy,Tim Holmes,Oz the Great and Powerful,175409,73441,James Franco,4,circus|magic|magician|oz|witch,http://www.imdb.com/title/tt1623205/?ref_=fn_tt_tt_1,511,English,USA,PG,215e6,2013,15000,6.4,2.35,60000,215.0
Color,Marc Webb,495,142,464,825,Andrew Garfield,15000,202853933,Action|Adventure|Fantasy|Sci-Fi,Emma Stone,The Amazing Spider-Man 2,321227,28631,B.J. Novak,0,costumed hero|death of girlfriend|masked vigilante|returning character killed off|teenager,http://www.imdb.com/title/tt1872181/?ref_=fn_tt_tt_1,1067,English,USA,PG-13,2e8,2014,10000,6.7,2.35,41000,200.0
Color,Joseph Kosinski,469,125,364,1000,Olivia Wilde,12000,172051787,Action|Adventure|Sci-Fi,Jeff Bridges,TRON: Legacy,264183,25550,James Frain,0,arcade|bridge|disappearance|escape|warrior,http://www.imdb.com/title/tt1104001/?ref_=fn_tt_tt_1,665,English,USA,PG,17e7,2010,10000,6.8,2.35,30000,170.0
Color,John Lasseter,304,106,487,776,Thomas Kretschmann,1000,191450875,Adventure|Animation|Comedy|Family|Sport,Joe Mantegna,Cars 2,101178,4482,Eddie Izzard,0,best friend|car race|conspiracy|gadget car|spy,http://www.imdb.com/title/tt1216475/?ref_=fn_tt_tt_1,283,English,USA,G,2e8,2011,919,6.3,2.35,10000,200.0
Color,Martin Campbell,436,123,258,326,Temuera Morrison,16000,116593191,Action|Adventure|Sci-Fi,Ryan Reynolds,Green Lantern,223393,17657,Taika Waititi,2,autopsy|lantern|planet|ring|test pilot,http://www.imdb.com/title/tt1133985/?ref_=fn_tt_tt_1,550,English,USA,PG-13,2e8,2011,368,5.6,2.35,24000,200.0
Color,Lee Unkrich,453,103,125,721,John Ratzenberger,15000,414984497,Adventure|Animation|Comedy|Family|Fantasy,Tom Hanks,Toy Story 3,544884,19085,Don Rickles,3,college|day care|escape|teddy bear|toy,http://www.imdb.com/title/tt0435761/?ref_=fn_tt_tt_1,733,English,USA,G,2e8,2010,1000,8.3,1.85,30000,200.0
Color,McG,422,118,368,988,Bryce Dallas Howard,23000,125320003,Action|Adventure|Sci-Fi,Christian Bale,Terminator Salvation,286095,27468,Common,0,death row|future|machine|rescue|skynet,http://www.imdb.com/title/tt0438488/?ref_=fn_tt_tt_1,974,English,USA,PG-13,2e8,2009,3000,6.6,2.35,0,200.0
Color,James Wan,424,140,0,14000,Paul Walker,26000,350034110,Action|Crime|Thriller,Jason Statham,Furious 7,278232,79150,Vin Diesel,0,car falling off a cliff|hospital|revenge|star died before release|terrorist,http://www.imdb.com/title/tt2820852/?ref_=fn_tt_tt_1,657,English,USA,PG-13,19e7,2015,23000,7.2,2.35,94000,190.0
Color,Marc Forster,654,123,395,1000,Brad Pitt,17000,202351611,Action|Adventure|Horror|Sci-Fi|Thriller,Peter Capaldi,World War Z,465019,32392,Mireille Enos,0,chaos|disease|infection|pandemic|zombie,http://www.imdb.com/title/tt0816711/?ref_=fn_tt_tt_1,995,English,USA,PG-13,19e7,2013,11000,7.0,2.35,129000,190.0
Color,Bryan Singer,539,149,0,20000,Peter Dinklage,34000,233914986,Action|Adventure|Fantasy|Sci-Fi|Thriller,Jennifer Lawrence,X-Men: Days of Future Past,514125,91434,Hugh Jackman,7,dystopia|super strength|supernatural power|time paradox|time travel,http://www.imdb.com/title/tt1877832/?ref_=fn_tt_tt_1,752,English,USA,PG-13,2e8,2014,22000,8.0,2.35,82000,200.0
Color,J.J. Abrams,590,132,14000,928,Bruce Greenwood,19000,228756232,Action|Adventure|Sci-Fi,Benedict Cumberbatch,Star Trek Into Darkness,395573,21411,Noel Clarke,0,admiral|captain|manhunt|mission|space,http://www.imdb.com/title/tt1408101/?ref_=fn_tt_tt_1,1171,English,USA,PG-13,19e7,2013,981,7.8,2.35,92000,190.0
Color,Bryan Singer,338,114,0,140,Ewen Bremner,979,65171860,Adventure|Fantasy,Eddie Marsan,Jack the Giant Slayer,106416,1766,Ralph Brown,1,bean|giant|king|no opening credits|princess,http://www.imdb.com/title/tt1351685/?ref_=fn_tt_tt_1,205,English,USA,PG-13,195e6,2013,557,6.3,2.35,22000,195.0
Color,Mike Newell,306,116,179,236,Richard Coyle,15000,90755643,Action|Adventure|Fantasy|Romance,Jake Gyllenhaal,Prince of Persia: The Sands of Time,222403,16149,Reece Ritchie,2,alamut|dagger|king|persia|princess,http://www.imdb.com/title/tt0473075/?ref_=fn_tt_tt_1,453,English,USA,PG-13,2e8,2010,567,6.6,2.35,23000,200.0
Color,Guillermo del Toro,575,131,0,919,Clifton Collins Jr.,16000,101785482,Action|Adventure|Sci-Fi,Charlie Hunnam,Pacific Rim,381148,19166,Larry Joe Campbell,0,giant monster|kaiju|pilot|portal|robot,http://www.imdb.com/title/tt1663662/?ref_=fn_tt_tt_1,1106,English,USA,PG-13,19e7,2013,968,7.0,1.85,83000,190.0
Color,Michael Bay,428,154,0,581,Lester Speight,894,352358779,Action|Adventure|Sci-Fi,Glenn Morshower,Transformers: Dark of the Moon,326180,2593,Kevin Dunn,2,autobot|decepticon|job interview|moon|spacecraft,http://www.imdb.com/title/tt1399103/?ref_=fn_tt_tt_1,899,English,USA,PG-13,195e6,2011,829,6.3,2.35,46000,195.0
Color,Steven Spielberg,470,122,14000,1000,Ray Winstone,11000,317011114,Action|Adventure|Fantasy,Harrison Ford,Indiana Jones and the Kingdom of the Crystal Skull,333847,14959,Jim Broadbent,2,cult figure|femme fatale|indiana jones|unsubtitled foreign language|year 1957,http://www.imdb.com/title/tt0367882/?ref_=fn_tt_tt_1,2054,English,USA,PG-13,185e6,2008,1000,6.2,2.35,5000,185.0
Color,Mark Andrews,488,93,56,838,John Ratzenberger,2000,237282182,Adventure|Animation|Comedy|Family|Fantasy,Kelly Macdonald,Brave,273556,5005,Julie Walters,0,archery|coming of age|female warrior|princess|rebellious daughter,http://www.imdb.com/title/tt1217209/?ref_=fn_tt_tt_1,428,English,USA,PG,185e6,2012,1000,7.2,2.35,39000,185.0
Color,Justin Lin,322,122,681,105,Melissa Roxburgh,998,130468626,Action|Adventure|Sci-Fi|Thriller,Sofia Boutella,Star Trek Beyond,53607,1327,Lydia Wilson,4,hatred|sequel|space opera|star trek|third part,http://www.imdb.com/title/tt2660888/?ref_=fn_tt_tt_1,432,English,USA,PG-13,185e6,2016,119,7.5,2.35,30000,185.0
Color,Andrew Stanton,421,98,475,522,Fred Willard,1000,223806889,Adventure|Animation|Family|Sci-Fi,John Ratzenberger,WALL·E,718837,2975,Jeff Garlin,0,earth|obesity|plant|robot|soil,http://www.imdb.com/title/tt0910970/?ref_=fn_tt_tt_1,1043,English,USA,G,18e7,2008,729,8.4,2.35,16000,180.0
Color,Brett Ratner,162,91,420,173,Dana Ivey,268,140080850,Action|Comedy|Crime|Thriller,Tzi Ma,Rush Hour 3,121084,1125,NoÃ©mie Lenoir,2,ambassador|assassination|chinese|french|triad,http://www.imdb.com/title/tt0293564/?ref_=fn_tt_tt_1,221,English,USA,PG-13,14e7,2007,268,6.2,2.35,0,140.0
Color,Roland Emmerich,367,158,776,310,Liam James,1000,166112167,Action|Adventure|Sci-Fi,Oliver Platt,2012,283418,2144,Tom McCarthy,0,ark|catastrophe|geologist|president|writer,http://www.imdb.com/title/tt1190080/?ref_=fn_tt_tt_1,1055,English,USA,PG-13,2e8,2009,468,5.8,2.35,13000,200.0
Color,Robert Zemeckis,240,96,0,10000,Colin Firth,18000,137850096,Animation|Drama|Family|Fantasy,Robin Wright,A Christmas Carol,72809,48878,Gary Oldman,0,charles dickens|christmas|christmas eve|ghost|scrooge,http://www.imdb.com/title/tt1067106/?ref_=fn_tt_tt_1,249,English,USA,PG,2e8,2009,14000,6.8,2.35,0,200.0
Color,Lana Wachowski,384,127,0,13000,Mila Kunis,17000,47375327,Action|Adventure|Sci-Fi,Channing Tatum,Jupiter Ascending,139593,47334,Eddie Redmayne,1,box office flop|critically bashed|planet earth|space opera|woman in bra and panties,http://www.imdb.com/title/tt1617661/?ref_=fn_tt_tt_1,720,English,USA,PG-13,176e6,2015,15000,5.4,2.35,44000,176.0
Color,David Yates,248,110,282,103,Alexander SkarsgÃ¥rd,11000,124051759,Action|Adventure|Drama|Romance,Christoph Waltz,The Legend of Tarzan,42372,21175,Casper Crump,2,africa|capture|jungle|male objectification|tarzan,http://www.imdb.com/title/tt0918940/?ref_=fn_tt_tt_1,239,English,USA,PG-13,18e7,2016,10000,6.6,2.35,29000,180.0
Color,Andrew Adamson,284,150,80,82,Kiran Shah,1000,291709845,Adventure|Family|Fantasy,Jim Broadbent,"The Chronicles of Narnia: The Lion, the Witch and the Wardrobe",286506,1317,Shane Rangi,5,hide and seek|lion|magic|professor|snow,http://www.imdb.com/title/tt0363771/?ref_=fn_tt_tt_1,1463,English,USA,PG,18e7,2005,190,6.9,2.35,0,180.0
Color,Bryan Singer,396,144,0,1000,Michael Fassbender,34000,154985087,Action|Adventure|Sci-Fi,Jennifer Lawrence,X-Men: Apocalypse,148379,49684,Tye Sheridan,6,mutant|superhero|superhero team|x men|year 1983,http://www.imdb.com/title/tt3385516/?ref_=fn_tt_tt_1,622,English,USA,PG-13,178e6,2016,13000,7.3,2.35,54000,178.0
Color,Christopher Nolan,645,152,22000,11000,Heath Ledger,23000,533316061,Action|Crime|Drama|Thriller,Christian Bale,The Dark Knight,1676169,57802,Morgan Freeman,0,based on comic book|dc comics|psychopath|star died before release|urban setting,http://www.imdb.com/title/tt0468569/?ref_=fn_tt_tt_1,4667,English,USA,PG-13,185e6,2008,13000,9.0,2.35,37000,185.0
Color,Pete Docter,408,96,0,262,Delroy Lindo,1000,292979556,Adventure|Animation|Comedy|Family,John Ratzenberger,Up,665575,2635,Jess Harnell,1,balloon|house|promise|retirement|skeleton,http://www.imdb.com/title/tt1049413/?ref_=fn_tt_tt_1,704,English,USA,PG,175e6,2009,848,8.3,1.85,27000,175.0
Color,Rob Letterman,219,94,11,459,Rainn Wilson,1000,198332128,Action|Adventure|Animation|Comedy|Family|Sci-Fi,Amy Poehler,Monsters vs. Aliens,114553,2579,Stephen Colbert,2,alien|alien invasion|alien space craft|giant|giantess,http://www.imdb.com/title/tt0892782/?ref_=fn_tt_tt_1,187,English,USA,PG,175e6,2009,973,6.5,2.35,0,175.0
Color,Jon Favreau,486,126,4000,4000,Jeff Bridges,21000,318298180,Action|Adventure|Sci-Fi,Robert Downey Jr.,Iron Man,696338,39252,Jon Favreau,3,afghanistan|billionaire|inventor|playboy|u.s. air force,http://www.imdb.com/title/tt0371746/?ref_=fn_tt_tt_1,1055,English,USA,PG-13,14e7,2008,12000,7.9,2.35,10000,140.0
Color,Martin Scorsese,682,126,17000,1000,Christopher Lee,17000,73820094,Adventure|Drama|Family|Mystery,ChloÃ« Grace Moretz,Hugo,245333,36017,Ray Winstone,0,automaton|mechanical|railway station|steampunk|train,http://www.imdb.com/title/tt0970179/?ref_=fn_tt_tt_1,678,English,USA,PG,17e7,2011,16000,7.5,1.85,42000,170.0
Color,Barry Sonnenfeld,85,106,188,582,Salma Hayek,10000,113745408,Action|Comedy|Sci-Fi|Western,Will Smith,Wild Wild West,129601,15870,Bai Ling,2,buddy movie|general|inventor|steampunk|utah,http://www.imdb.com/title/tt0120891/?ref_=fn_tt_tt_1,648,English,USA,PG-13,17e7,1999,4000,4.8,1.85,0,170.0
Color,Rob Cohen,264,112,357,595,Brendan Fraser,5000,102176165,Action|Adventure|Fantasy|Horror|Thriller,Jet Li,The Mummy: Tomb of the Dragon Emperor,117927,9131,Russell Wong,2,army|china|emperor|mummy|shangri la,http://www.imdb.com/title/tt0859163/?ref_=fn_tt_tt_1,501,English,USA,PG-13,145e6,2008,3000,5.2,2.35,0,145.0
Color,David Ayer,418,123,452,329,Robin Atkin Downes,10000,161087183,Action|Adventure|Comedy|Sci-Fi,Will Smith,Suicide Squad,118992,11287,Ike Barinholtz,8,based on comic book|critically bashed|father daughter relationship|reference to superman|super villain,http://www.imdb.com/title/tt1386697/?ref_=fn_tt_tt_1,971,English,USA,PG-13,175e6,2016,336,6.9,2.35,80000,175.0
Color,Tom Shadyac,186,96,293,7000,Morgan Freeman,87000,100289690,Comedy|Family|Fantasy,Jimmy Bennett,Evan Almighty,115099,108016,Steve Carell,0,ark|change|congressman|depiction of god|flood,http://www.imdb.com/title/tt0413099/?ref_=fn_tt_tt_1,257,English,USA,PG,175e6,2007,11000,5.4,2.35,2000,175.0
Color,Doug Liman,585,113,218,509,Lara Pulver,10000,100189501,Action|Adventure|Sci-Fi,Tom Cruise,Edge of Tomorrow,431620,12652,Noah Taylor,1,alien|combat|dying repeatedly|end of the world|time loop,http://www.imdb.com/title/tt1631867/?ref_=fn_tt_tt_1,741,English,USA,PG-13,178e6,2014,854,7.9,2.35,77000,178.0
Color,Kevin Reynolds,91,176,58,60,Rick Aviles,711,88246220,Action|Adventure|Sci-Fi|Thriller,Jeanne Tripplehorn,Waterworld,144337,1004,Zakes Mokae,0,future|sail|sea|smoker|water,http://www.imdb.com/title/tt0114898/?ref_=fn_tt_tt_1,309,English,USA,PG-13,175e6,1995,60,6.1,1.85,0,175.0
Color,Stephen Sommers,250,118,208,570,Dennis Quaid,23000,150167630,Action|Adventure|Sci-Fi|Thriller,Joseph Gordon-Levitt,G.I. Joe: The Rise of Cobra,174578,26683,Leo Howard,4,cobra|gi joe|snake|train|warhead,http://www.imdb.com/title/tt1046173/?ref_=fn_tt_tt_1,534,English,USA,PG-13,175e6,2009,2000,5.8,2.35,0,175.0
Color,Pete Docter,536,95,0,384,Mindy Kaling,1000,356454367,Adventure|Animation|Comedy|Drama|Family|Fantasy,Amy Poehler,Inside Out,345198,2944,Phyllis Smith,1,anger|joy|memory|running away|sadness,http://www.imdb.com/title/tt2096673/?ref_=fn_tt_tt_1,773,English,USA,PG,175e6,2015,767,8.3,1.85,118000,175.0
Color,Jon Favreau,453,124,4000,4000,Scarlett Johansson,21000,312057433,Action|Adventure|Sci-Fi,Robert Downey Jr.,Iron Man 2,522371,48638,Jon Favreau,4,hammer|military|monaco|revenge|tony stark,http://www.imdb.com/title/tt1228705/?ref_=fn_tt_tt_1,723,English,USA,PG-13,2e8,2010,19000,7.0,2.35,18000,200.0
Color,Rupert Sanders,416,132,274,11000,Kristen Stewart,26000,155111815,Action|Adventure|Drama|Fantasy,Chris Hemsworth,Snow White and the Huntsman,228554,72881,Sam Claflin,0,evil queen|fairy tale|magic|queen|snow white,http://www.imdb.com/title/tt1735898/?ref_=fn_tt_tt_1,710,English,USA,PG-13,17e7,2012,17000,6.1,2.35,53000,170.0
Color,Robert Stromberg,401,97,171,846,Sharlto Copley,11000,241407328,Action|Adventure|Family|Fantasy|Romance,Angelina Jolie Pitt,Maleficent,252257,15516,Sam Riley,2,curse|dark fantasy|fairy|king|kingdom,http://www.imdb.com/title/tt1587310/?ref_=fn_tt_tt_1,634,English,USA,PG,18e7,2014,2000,7.0,2.35,89000,180.0
Color,Matt Reeves,521,130,198,884,Judy Greer,10000,208543795,Action|Adventure|Drama|Sci-Fi,Gary Oldman,Dawn of the Planet of the Apes,317542,14363,Kodi Smit-McPhee,0,ape|dam|leader|post apocalypse|sequel,http://www.imdb.com/title/tt2103281/?ref_=fn_tt_tt_1,620,English,USA,PG-13,17e7,2014,2000,7.6,1.85,45000,170.0
Color,Carl Rinsch,218,128,47,982,Cary-Hiroyuki Tagawa,18000,38297305,Action|Adventure|Drama|Fantasy,Keanu Reeves,47 Ronin,116994,20965,Jin Akanishi,2,box office flop|ronin|samurai|shogun|tournament,http://www.imdb.com/title/tt1335975/?ref_=fn_tt_tt_1,324,English,USA,PG-13,175e6,2013,1000,6.3,2.35,35000,175.0
Color,Anthony Russo,576,136,94,2000,Chris Evans,19000,259746958,Action|Adventure|Sci-Fi,Scarlett Johansson,Captain America: The Winter Soldier,496749,36188,Hayley Atwell,1,conspiracy|heroism|megalomaniac|super soldier|world domination,http://www.imdb.com/title/tt1843866/?ref_=fn_tt_tt_1,742,English,USA,PG-13,17e7,2014,11000,7.8,2.35,55000,170.0
Color,Mike Mitchell,226,93,31,213,Kathy Griffin,4000,238371987,Adventure|Animation|Comedy|Family|Fantasy,Jon Hamm,Shrek Forever After,138661,4628,Mary Kay Place,2,alternate world|fairy tale parody|female warrior|ogre|true love,http://www.imdb.com/title/tt0892791/?ref_=fn_tt_tt_1,173,English,USA,PG,165e6,2010,225,6.4,2.35,0,165.0
Color,Brad Bird,443,130,663,604,Chris Bauer,2000,93417865,Action|Adventure|Family|Mystery|Sci-Fi,Judy Greer,Tomorrowland,128306,5046,Thomas Robinson,2,boy genius|futuristic city|inventor|teenage girl|time travel,http://www.imdb.com/title/tt1964418/?ref_=fn_tt_tt_1,497,English,USA,PG,19e7,2015,638,6.5,2.2,37000,190.0
Color,Don Hall,384,102,38,562,Daniel Henney,756,222487711,Action|Adventure|Animation|Comedy|Drama|Family|Sci-Fi,Damon Wayans Jr.,Big Hero 6,279093,2963,Abraham Benrubi,0,high tech|martial arts|masked man|robot|superhero,http://www.imdb.com/title/tt2245084/?ref_=fn_tt_tt_1,433,English,USA,PG,165e6,2014,719,7.9,2.39,41000,165.0
Color,Rich Moore,377,101,66,833,Sarah Silverman,975,189412677,Adventure|Animation|Comedy|Family|Sci-Fi,Jack McBrayer,Wreck-It Ralph,272534,4451,Joe Lo Truglio,1,arcade|candy|glitch|king|medal,http://www.imdb.com/title/tt1772341/?ref_=fn_tt_tt_1,345,English,USA,PG,165e6,2012,931,7.8,2.35,40000,165.0
Color,Robert Zemeckis,188,100,0,267,Eddie Deezen,15000,665426,Adventure|Animation|Family|Fantasy,Tom Hanks,The Polar Express,120798,16264,Peter Scolari,0,boy|christmas|christmas eve|north pole|train,http://www.imdb.com/title/tt0338348/?ref_=fn_tt_tt_1,444,English,USA,G,165e6,2004,726,6.6,2.35,10000,165.0
Color,Roland Emmerich,286,120,776,535,Sela Ward,890,102315545,Action|Adventure|Sci-Fi,Vivica A. Fox,Independence Day: Resurgence,58137,3233,Judd Hirsch,0,alien|battle|defense|independence day|mothership,http://www.imdb.com/title/tt1628841/?ref_=fn_tt_tt_1,520,English,USA,PG-13,165e6,2016,812,5.5,2.35,67000,165.0
Color,Dean DeBlois,288,98,255,759,America Ferrera,18000,217387997,Adventure|Animation|Family|Fantasy,Gerard Butler,How to Train Your Dragon,485430,20453,Craig Ferguson,0,dragon|island|training|viking|village,http://www.imdb.com/title/tt0892769/?ref_=fn_tt_tt_1,492,English,USA,PG,165e6,2010,953,8.2,2.35,33000,165.0
Color,Jonathan Mostow,280,109,84,191,M.C. Gainey,648,150350192,Action|Sci-Fi,Nick Stahl,Terminator 3: Rise of the Machines,305340,1769,Carolyn Hennesy,0,drifter|exploding truck|future|machine|skynet,http://www.imdb.com/title/tt0181852/?ref_=fn_tt_tt_1,1676,English,USA,R,2e8,2003,284,6.4,2.35,0,200.0
Color,James Gunn,653,121,571,3000,Vin Diesel,14000,333130696,Action|Adventure|Sci-Fi,Bradley Cooper,Guardians of the Galaxy,682155,32438,Djimon Hounsou,3,bounty hunter|outer space|raccoon|talking animal|tree,http://www.imdb.com/title/tt2015381/?ref_=fn_tt_tt_1,1097,English,USA,PG-13,17e7,2014,14000,8.1,2.35,96000,170.0
Color,Christopher Nolan,712,169,22000,6000,Anne Hathaway,11000,187991439,Adventure|Drama|Sci-Fi,Matthew McConaughey,Interstellar,928227,31488,Mackenzie Foy,1,black hole|father daughter relationship|saving the world|space travel|wormhole,http://www.imdb.com/title/tt0816692/?ref_=fn_tt_tt_1,2725,English,USA,PG-13,165e6,2014,11000,8.6,2.35,349000,165.0
Color,Christopher Nolan,642,148,22000,23000,Tom Hardy,29000,292568851,Action|Adventure|Sci-Fi|Thriller,Leonardo DiCaprio,Inception,1468200,81115,Joseph Gordon-Levitt,0,ambiguous ending|corporate espionage|dream|subconscious|thief,http://www.imdb.com/title/tt1375666/?ref_=fn_tt_tt_1,2803,English,USA,PG-13,16e7,2010,27000,8.8,2.35,175000,160.0
Color,Peter Jackson,645,182,0,773,Adam Brown,5000,303001229,Adventure|Fantasy,Aidan Turner,The Hobbit: An Unexpected Journey,637246,9152,James Nesbitt,NA,dragon|dwarf|hobbit|orc|wizard,http://www.imdb.com/title/tt0903624/?ref_=fn_tt_tt_1,1367,English,USA,PG-13,18e7,2012,972,7.9,2.35,166000,180.0
Color,David Fincher,362,166,21000,919,Jason Flemyng,11000,127490802,Drama|Fantasy|Romance,Brad Pitt,The Curious Case of Benjamin Button,459346,13333,Julia Ormond,2,deformed baby|diary|lingerie slip|older man younger woman relationship|premature aging,http://www.imdb.com/title/tt0421715/?ref_=fn_tt_tt_1,822,English,USA,PG-13,15e7,2008,1000,7.8,2.35,23000,150.0
Color,Matthew Vaughn,500,132,905,1000,Michael Fassbender,34000,146405371,Action|Adventure|Sci-Fi,Jennifer Lawrence,X-Men: First Class,518537,50983,Oliver Platt,3,cia|cia agent|mutant|nuclear war|professor,http://www.imdb.com/title/tt1270798/?ref_=fn_tt_tt_1,698,English,USA,PG-13,16e7,2011,13000,7.8,2.35,54000,160.0
Color,Francis Lawrence,389,137,508,14000,Philip Seymour Hoffman,34000,281666058,Adventure|Sci-Fi,Jennifer Lawrence,The Hunger Games: Mockingjay - Part 2,166137,81385,Josh Hutcherson,1,death of sister|dystopia|execution|rebellion|revolution,http://www.imdb.com/title/tt1951266/?ref_=fn_tt_tt_1,383,English,USA,PG-13,16e7,2015,22000,6.6,2.35,38000,160.0
Color,Jon Turteltaub,235,109,226,370,Omar Benson Miller,12000,63143812,Action|Adventure|Family|Fantasy,Nicolas Cage,The Sorcerer's Apprentice,124185,13388,Robert Capron,0,chosen one|enchanted object|love|spell|training,http://www.imdb.com/title/tt0963966/?ref_=fn_tt_tt_1,238,English,USA,PG,15e7,2010,418,6.1,2.35,11000,150.0
Color,Wolfgang Petersen,231,98,249,702,Mike Vogel,87000,60655503,Action|Adventure|Drama|Thriller,Jimmy Bennett,Poseidon,82380,92456,Andre Braugher,0,cruise|escape|ocean|passenger|water,http://www.imdb.com/title/tt0409182/?ref_=fn_tt_tt_1,629,English,USA,PG-13,16e7,2006,2000,5.6,2.35,0,160.0
Color,James Bobin,218,113,33,11000,Alan Rickman,40000,76846624,Adventure|Family|Fantasy,Johnny Depp,Alice Through the Looking Glass,21352,80806,Anne Hathaway,1,clock|dark fantasy|mad hatter|queen|sequel,http://www.imdb.com/title/tt2567026/?ref_=fn_tt_tt_1,131,English,USA,PG,17e7,2016,25000,6.4,1.85,30000,170.0
Color,Chris Miller,227,93,50,692,Eric Idle,3000,320706665,Adventure|Animation|Comedy|Family|Fantasy,Justin Timberlake,Shrek the Third,211971,4705,Rupert Everett,2,disney spoof|fairy tale|prince|princess|tough guy,http://www.imdb.com/title/tt0413267/?ref_=fn_tt_tt_1,326,English,USA,PG,16e7,2007,795,6.1,1.85,0,160.0
Color,Duncan Jones,275,123,0,648,Callum Rennie,3000,46978995,Action|Adventure|Fantasy,Dominic Cooper,Warcraft,111609,5505,Ruth Negga,0,based on video game|fictional language|fictional war|orc|sword and sorcery,http://www.imdb.com/title/tt0803096/?ref_=fn_tt_tt_1,781,English,USA,PG-13,16e7,2016,716,7.3,2.35,89000,160.0
Color,Alan Taylor,474,126,230,2000,Emilia Clarke,24000,89732035,Action|Adventure|Sci-Fi,J.K. Simmons,Terminator Genisys,188457,38873,Matt Smith,2,alternate timeline|cyborg|future|robot|time machine,http://www.imdb.com/title/tt1340138/?ref_=fn_tt_tt_1,867,English,USA,PG-13,155e6,2015,10000,6.6,2.35,82000,155.0
Color,Michael Apted,228,113,150,59,Shane Rangi,531,104383624,Adventure|Family|Fantasy,Bruce Spence,The Chronicles of Narnia: The Voyage of the Dawn Treader,106446,764,Laura Brent,4,dragon|king|mouse|quest|warrior,http://www.imdb.com/title/tt0980970/?ref_=fn_tt_tt_1,227,English,USA,PG,155e6,2010,82,6.3,1.78,11000,155.0
 Black and White,Michael Bay,191,184,0,691,Jaime King,3000,198539855,Action|Drama|History|Romance|War,Jennifer Garner,Pearl Harbor,254111,5401,Mako,0,air raid|black smoke|japanese military|japanese navy|sunday,http://www.imdb.com/title/tt0213149/?ref_=fn_tt_tt_1,1999,English,USA,PG-13,14e7,2001,961,6.1,2.35,0,140.0
Color,Michael Bay,396,144,0,581,Michael O'Neill,662,318759914,Action|Adventure|Sci-Fi,Zack Ward,Transformers,513158,2333,Kevin Dunn,0,alien contact|autobot|decepticon|robot vs. robot|teenage hero,http://www.imdb.com/title/tt0418279/?ref_=fn_tt_tt_1,1782,English,USA,PG-13,15e7,2007,599,7.1,2.35,8000,150.0
Color,Peter Berg,318,102,532,979,Charlize Theron,10000,227946274,Action|Drama,Will Smith,Hancock,343648,21584,Eddie Marsan,0,bully comeuppance|destruction|prison|superhero|tough girl,http://www.imdb.com/title/tt0448157/?ref_=fn_tt_tt_1,590,English,USA,PG-13,15e7,2008,9000,6.4,2.35,0,150.0
Color,Francis Lawrence,323,104,508,558,Alice Braga,10000,256386216,Drama|Horror|Sci-Fi,Will Smith,I Am Legend,530870,13076,Willow Smith,0,new york city|pandemic|post apocalypse|survivalist|virus,http://www.imdb.com/title/tt0480249/?ref_=fn_tt_tt_1,1413,English,USA,PG-13,15e7,2007,1000,7.2,2.35,11000,150.0
Color,Tim Burton,276,115,13000,588,Christopher Lee,40000,206456431,Adventure|Comedy|Family|Fantasy,Johnny Depp,Charlie and the Chocolate Factory,320284,57844,David Kelly,3,chocolate|diminution|miniaturization|physical flexability|ticket,http://www.imdb.com/title/tt0367594/?ref_=fn_tt_tt_1,1361,English,USA,PG,15e7,2005,16000,6.7,1.85,0,150.0
Color,Brad Bird,318,111,663,954,John Ratzenberger,1000,206435493,Animation|Comedy|Family|Fantasy,Janeane Garofalo,Ratatouille,473887,4764,Brian Dennehy,0,chef|food|french|rat|restaurant,http://www.imdb.com/title/tt0382932/?ref_=fn_tt_tt_1,626,English,USA,G,15e7,2007,1000,8.0,2.35,10000,150.0
Color,Christopher Nolan,478,128,22000,11000,Liam Neeson,23000,205343774,Action|Adventure,Christian Bale,Batman Begins,980946,59558,Morgan Freeman,0,armored car|gangster|gotham|mixed martial arts|social decay,http://www.imdb.com/title/tt0372784/?ref_=fn_tt_tt_1,2685,English,USA,PG-13,15e7,2005,14000,8.3,2.35,15000,150.0
Color,Eric Darnell,167,89,35,436,Jada Pinkett Smith,1000,179982968,Action|Adventure|Animation|Comedy|Family,Bernie Mac,Madagascar: Escape 2 Africa,146019,3285,Cedric the Entertainer,0,africa|madagascar|new york city|sequel|zoo,http://www.imdb.com/title/tt0479952/?ref_=fn_tt_tt_1,119,English,USA,PG,15e7,2008,851,6.7,1.85,0,150.0
Color,Shawn Levy,185,105,189,1000,Rami Malek,49000,177243721,Adventure|Comedy|Family|Fantasy,Robin Williams,Night at the Museum: Battle of the Smithsonian,130272,54039,Steve Coogan,2,hdtv|motorcycle|museum|security guard|tyrannosaurus rex,http://www.imdb.com/title/tt1078912/?ref_=fn_tt_tt_1,209,English,USA,PG,15e7,2009,3000,5.9,2.35,2000,150.0
Color,Gavin Hood,350,119,151,2000,Ryan Reynolds,20000,179883016,Action|Adventure|Fantasy|Sci-Fi|Thriller,Hugh Jackman,X-Men Origins: Wolverine,361924,40054,Dominic Monaghan,0,army|civil war|claw fight|commando|wolverine the character,http://www.imdb.com/title/tt0458525/?ref_=fn_tt_tt_1,641,English,USA,PG-13,15e7,2009,16000,6.7,2.35,0,150.0
Color,Chris Buck,406,102,69,490,Maurice LaMarche,1000,400736600,Adventure|Animation|Comedy|Family|Fantasy|Musical,Josh Gad,Frozen,421658,2582,Livvy Stubenrauch,0,magic|sister love|sister sister relationship|snow|snowman,http://www.imdb.com/title/tt2294629/?ref_=fn_tt_tt_1,904,English,USA,PG,15e7,2013,523,7.6,2.24,58000,150.0
Color,Lana Wachowski,275,138,0,30,Daniel Bernhardt,234,281492479,Action|Sci-Fi,Steve Bastoni,The Matrix Reloaded,421818,534,Helmut Bakaitis,0,car motorcycle chase|one against many|oracle|prophecy|stylized violence,http://www.imdb.com/title/tt0234215/?ref_=fn_tt_tt_1,2789,English,USA,R,15e7,2003,198,7.2,2.35,0,150.0
Color,Alan Taylor,486,112,230,12000,Natalie Portman,26000,206360018,Action|Adventure|Fantasy,Chris Hemsworth,Thor: The Dark World,414070,59803,Anthony Hopkins,3,arrest|portal|thor|warrior|weapon,http://www.imdb.com/title/tt1981115/?ref_=fn_tt_tt_1,532,English,USA,PG-13,17e7,2013,20000,7.1,2.35,63000,170.0
Color,Ron Howard,298,146,2000,294,Ayelet Zurer,15000,133375846,Mystery|Thriller,Tom Hanks,Angels & Demons,207839,16948,Armin Mueller-Stahl,2,conclave|illuminati|murder|reference to bernini|reference to raphael,http://www.imdb.com/title/tt0808151/?ref_=fn_tt_tt_1,435,English,USA,PG-13,15e7,2009,745,6.7,2.35,0,150.0
Color,Kenneth Branagh,516,115,0,12000,Natalie Portman,26000,181015141,Action|Adventure|Fantasy,Chris Hemsworth,Thor,536314,60059,Anthony Hopkins,1,battle|marvel cinematic universe|scientist|thor|throne,http://www.imdb.com/title/tt0800369/?ref_=fn_tt_tt_1,738,English,USA,PG-13,15e7,2011,20000,7.0,2.35,63000,150.0
Color,Byron Howard,225,96,59,699,Diedrich Bader,17000,114053579,Adventure|Animation|Comedy|Drama|Family,ChloÃ« Grace Moretz,Bolt,146766,20007,James Lipton,0,cat|dog|hamster|new york city|superpower,http://www.imdb.com/title/tt0397892/?ref_=fn_tt_tt_1,178,English,USA,PG,15e7,2008,759,6.9,1.85,0,150.0
Color,Hoyt Yeatman,145,88,12,182,Piper Mackenzie Harris,730,119420252,Action|Adventure|Animation|Comedy|Family|Fantasy|Sci-Fi,Kelli Garner,G-Force,33042,2217,Niecy Nash,0,fbi director|guinea pig|household appliance|secret agent|talking mouse,http://www.imdb.com/title/tt0436339/?ref_=fn_tt_tt_1,90,English,USA,PG,15e7,2009,607,5.1,2.35,0,150.0
Color,Jonathan Liebesman,310,99,473,502,Edgar RamÃ­rez,14000,83640426,Action|Adventure|Fantasy,Liam Neeson,Wrath of the Titans,152826,16184,Lily James,0,ares|hades|titan|underworld|zeus,http://www.imdb.com/title/tt1646987/?ref_=fn_tt_tt_1,253,English,USA,PG-13,15e7,2012,897,5.8,1.85,19000,150.0
Color,Joe Johnston,357,119,394,162,Simon Merrells,12000,61937495,Drama|Fantasy|Horror|Thriller,Anthony Hopkins,The Wolfman,89442,13071,Art Malik,0,asylum|death|full moon|transformation|werewolf,http://www.imdb.com/title/tt0780653/?ref_=fn_tt_tt_1,432,English,USA,R,15e7,2010,490,5.8,1.85,0,150.0
Color,David Yates,248,110,282,103,Alexander SkarsgÃ¥rd,11000,124051759,Action|Adventure|Drama|Romance,Christoph Waltz,The Legend of Tarzan,42372,21175,Casper Crump,2,africa|capture|jungle|male objectification|tarzan,http://www.imdb.com/title/tt0918940/?ref_=fn_tt_tt_1,239,English,USA,PG-13,18e7,2016,10000,6.6,2.35,29000,180.0
Color,Steve Hickner,194,91,58,826,Oprah Winfrey,2000,126597121,Adventure|Animation|Comedy|Family,Matthew Broderick,Bee Movie,105902,6576,Rip Torn,0,bee|dream sequence|egg|scatological humor|squashed bug,http://www.imdb.com/title/tt0389790/?ref_=fn_tt_tt_1,206,English,USA,PG,15e7,2007,852,6.2,1.85,0,150.0
Color,Jennifer Yuh Nelson,284,90,90,15,Gary Oldman,11000,165230261,Action|Adventure|Animation|Comedy|Family,Angelina Jolie Pitt,Kung Fu Panda 2,182718,21015,Mike Bell,0,china|kung fu|panda|peacock|tigress,http://www.imdb.com/title/tt1302011/?ref_=fn_tt_tt_1,209,English,USA,PG,15e7,2011,10000,7.3,2.35,20000,150.0
Color,M. Night Shyamalan,280,103,0,346,Noah Ringer,1000,131564731,Action|Adventure|Family|Fantasy,Seychelle Gabriel,The Last Airbender,118951,2857,Aasif Mandvi,0,avatar|fire|kingdom|tribe|water,http://www.imdb.com/title/tt0938283/?ref_=fn_tt_tt_1,1382,English,USA,PG,15e7,2010,756,4.2,2.35,18000,150.0
Color,J.J. Abrams,310,124,14000,979,Tom Cruise,22000,133382309,Action|Adventure|Thriller,Philip Seymour Hoffman,Mission: Impossible III,256695,34817,Eddie Marsan,0,arms dealer|fictional government agency|mission|rescue|vatican,http://www.imdb.com/title/tt0317919/?ref_=fn_tt_tt_1,871,English,USA,PG-13,15e7,2006,10000,6.9,2.35,0,150.0
Color,Roland Emmerich,339,131,776,256,Jake Weber,17000,73103784,Action|Drama|Thriller,Channing Tatum,White House Down,164238,18204,Matt Craven,2,black u.s. president|president|secret service|tour|white house,http://www.imdb.com/title/tt2334879/?ref_=fn_tt_tt_1,434,English,USA,PG-13,15e7,2013,551,6.4,2.35,33000,150.0
Color,Simon Wells,132,88,25,433,Dan Fogler,921,21379315,Action|Adventure|Animation|Comedy|Family|Sci-Fi,Elisabeth Harnois,Mars Needs Moms,17590,2652,Tom Everett Scott,0,boy|martian|rescue|robot|sexism,http://www.imdb.com/title/tt1305591/?ref_=fn_tt_tt_1,112,English,USA,PG,15e7,2011,562,5.4,2.35,0,150.0
Color,Joe Wright,256,111,456,394,Cara Delevingne,20000,34964818,Adventure|Family|Fantasy,Hugh Jackman,Pan,39956,21393,Nonso Anozie,4,1940s|child hero|fantasy world|orphan|reference to peter pan,http://www.imdb.com/title/tt3332064/?ref_=fn_tt_tt_1,186,English,USA,PG,15e7,2015,548,5.8,2.35,24000,150.0
Color,Rob Minkoff,196,92,50,517,Zach Callison,3000,111505642,Adventure|Animation|Comedy|Family|Sci-Fi,Ty Burrell,Mr. Peabody & Sherman,47900,5810,Karan Brar,2,dog|father son relationship|inventor|talking dog|time travel,http://www.imdb.com/title/tt0864835/?ref_=fn_tt_tt_1,130,English,USA,PG,145e6,2014,1000,6.9,1.85,11000,145.0
Color,Wolfgang Petersen,220,196,249,844,Orlando Bloom,11000,133228348,Adventure,Brad Pitt,Troy,381672,17944,Julian Glover,2,greek|mythology|prince|trojan|troy,http://www.imdb.com/title/tt0332452/?ref_=fn_tt_tt_1,1694,English,USA,R,175e6,2004,5000,7.2,2.35,0,175.0
Color,Eric Darnell,211,93,35,436,Martin Short,851,216366733,Adventure|Animation|Comedy|Family,Jada Pinkett Smith,Madagascar 3: Europe's Most Wanted,119213,2444,Cedric the Entertainer,0,animal|circus|island name in title|lemur|penguin,http://www.imdb.com/title/tt1277953/?ref_=fn_tt_tt_1,154,English,USA,PG,145e6,2012,770,6.9,1.85,17000,145.0
Color,Paul Feig,464,116,176,322,Kate McKinnon,783,118099659,Action|Comedy|Fantasy|Sci-Fi,Ed Begley Jr.,Ghostbusters,69757,2097,Zach Woods,4,ghost|ghostbuster|ghostbusters|male objectification|reboot,http://www.imdb.com/title/tt1289401/?ref_=fn_tt_tt_1,1211,English,USA,PG-13,144e6,2016,370,5.5,2.35,62000,144.0
Color,Michael Bay,167,153,0,537,Steve Buscemi,13000,201573391,Action|Adventure|Sci-Fi|Thriller,Bruce Willis,Armageddon,322395,26029,Will Patton,0,asteroid|astronaut|bomb|meteorite|outer space,http://www.imdb.com/title/tt0120591/?ref_=fn_tt_tt_1,1171,English,USA,PG-13,14e7,1998,12000,6.6,2.35,11000,140.0
Color,Barry Sonnenfeld,208,88,188,826,Rosario Dawson,10000,190418803,Action|Adventure|Comedy|Family|Fantasy|Mystery|Sci-Fi,Will Smith,Men in Black II,270207,14823,Rip Torn,2,alien|lingerie|lingerie model|m.i.b.|pug,http://www.imdb.com/title/tt0120912/?ref_=fn_tt_tt_1,606,English,USA,PG-13,14e7,2002,3000,6.1,1.85,2000,140.0
Color,Robert Zemeckis,287,115,0,964,Anthony Hopkins,18000,82161969,Action|Adventure|Animation|Fantasy,Robin Wright,Beowulf,142440,31523,Sebastian RochÃ©,1,creature|demon|king|reward|warrior,http://www.imdb.com/title/tt0442933/?ref_=fn_tt_tt_1,505,English,USA,PG-13,15e7,2007,12000,6.3,2.35,3000,150.0
Color,Alessandro Carloni,210,95,5,967,Angelina Jolie Pitt,24000,143523463,Action|Adventure|Animation|Comedy|Family,J.K. Simmons,Kung Fu Panda 3,64322,36095,Wayne Knight,0,china|kung fu|panda|pig|village,http://www.imdb.com/title/tt2267968/?ref_=fn_tt_tt_1,145,English,USA,PG,145e6,2016,11000,7.2,2.35,24000,145.0
Color,Brad Bird,432,133,663,690,Jeremy Renner,10000,209364921,Action|Adventure|Thriller,Tom Cruise,Mission: Impossible - Ghost Protocol,365104,21768,Michael Nyqvist,3,dubai|kremlin|race against time|russian|terrorist,http://www.imdb.com/title/tt1229238/?ref_=fn_tt_tt_1,512,English,USA,PG-13,145e6,2011,10000,7.4,2.35,35000,145.0
Color,Peter Ramsey,256,97,52,161,Kamil McFadden,20000,103400692,Adventure|Animation|Family|Fantasy,Hugh Jackman,Rise of the Guardians,123553,20645,Khamani Griffin,0,belief|box office hit|children|new york city|tooth,http://www.imdb.com/title/tt1446192/?ref_=fn_tt_tt_1,174,English,USA,PG,145e6,2012,315,7.3,1.85,25000,145.0
Color,Edward Zwick,190,154,380,445,Tony Goldwyn,10000,111110575,Action|Drama|History|War,Tom Cruise,The Last Samurai,317166,11945,Chad Lindberg,1,captain|emperor|honor|japan|samurai,http://www.imdb.com/title/tt0325710/?ref_=fn_tt_tt_1,928,English,USA,R,14e7,2003,956,7.7,2.35,0,140.0
Color,J.J. Abrams,518,127,14000,981,Leonard Nimoy,26000,257704099,Action|Adventure|Sci-Fi,Chris Hemsworth,Star Trek,504419,39284,Bruce Greenwood,0,box office hit|future|lifted by the throat|star trek|vulcan,http://www.imdb.com/title/tt0796366/?ref_=fn_tt_tt_1,1559,English,USA,PG-13,15e7,2009,12000,8.0,2.35,19000,150.0
Color,Sam Raimi,291,121,0,4000,James Franco,24000,403706375,Action|Adventure|Fantasy|Romance,J.K. Simmons,Spider-Man,544665,40484,Kirsten Dunst,0,evil|goblin|spider|spider man|superhero,http://www.imdb.com/title/tt0145487/?ref_=fn_tt_tt_1,2012,English,USA,PG-13,139e6,2002,11000,7.3,1.85,5000,139.0
Color,Dean DeBlois,292,102,255,953,Djimon Hounsou,18000,176997107,Action|Adventure|Animation|Comedy|Family|Fantasy,Gerard Butler,How to Train Your Dragon 2,221128,23378,America Ferrera,5,dragon|father son relationship|husband wife relationship|mother son relationship|viking,http://www.imdb.com/title/tt1646971/?ref_=fn_tt_tt_1,343,English,USA,PG,145e6,2014,3000,7.9,2.35,46000,145.0
Color,Alex Proyas,184,126,295,284,Elodie Yung,18000,31141074,Action|Adventure|Fantasy,Gerard Butler,Gods of Egypt,51892,19769,Bryan Brown,4,ancient egypt|egypt|egyptian|egyptian god|egyptian goddess,http://www.imdb.com/title/tt2404233/?ref_=fn_tt_tt_1,273,English,USA,PG-13,14e7,2016,934,5.5,2.35,24000,140.0
Color,Rob Cohen,145,121,357,653,Joe Morton,820,31704416,Action|Adventure|Sci-Fi|Thriller,Sam Shepard,Stealth,45455,2705,Richard Roxburgh,0,artificial intelligence|box office flop|fighter jet|navy|pilot,http://www.imdb.com/title/tt0382992/?ref_=fn_tt_tt_1,388,English,USA,PG-13,135e6,2005,780,5.0,2.35,0,135.0
Color,Zack Snyder,451,215,0,413,Billy Crudup,986,107503316,Action|Drama|Mystery|Sci-Fi,Matt Frewer,Watchmen,392474,2530,Stephen McHattie,1,conspiracy|cynicism|false promise of the american dream|male full frontal nudity|male nudity,http://www.imdb.com/title/tt0409459/?ref_=fn_tt_tt_1,1229,English,USA,R,13e7,2009,745,7.7,2.35,18000,130.0
Color,Richard Donner,141,127,503,91,Rene Russo,5000,129734803,Action|Crime|Thriller,Jet Li,Lethal Weapon 4,127497,6171,Darlene Love,2,kung fu|lapd|martial arts|private investigator|triad,http://www.imdb.com/title/tt0122151/?ref_=fn_tt_tt_1,287,English,USA,R,14e7,1998,808,6.6,2.35,0,140.0
Color,Ang Lee,267,138,0,258,Regi Davis,820,132122995,Action|Sci-Fi,Kevin Rankin,Hulk,212106,1814,Celia Weston,0,1980s|c 130 hercules|monster|panzer|san francisco california,http://www.imdb.com/title/tt0286716/?ref_=fn_tt_tt_1,1445,English,USA,PG-13,137e6,2003,300,5.7,1.85,0,137.0
Color,Jon M. Chu,351,122,209,934,Dwayne Johnson,17000,122512052,Action|Adventure|Sci-Fi|Thriller,Channing Tatum,G.I. Joe: Retaliation,146352,31958,Elodie Yung,6,general|gi joe|martial arts|ninja|president,http://www.imdb.com/title/tt1583421/?ref_=fn_tt_tt_1,288,English,USA,PG-13,13e7,2013,12000,5.8,2.35,42000,130.0
Color,Hironobu Sakaguchi,166,106,6,422,Ming-Na Wen,12000,32131830,Action|Adventure|Animation|Fantasy|Romance|Sci-Fi,Steve Buscemi,Final Fantasy: The Spirits Within,72259,15015,Jean Simmons,1,general|military|scientist|soldier|year 2065,http://www.imdb.com/title/tt0173840/?ref_=fn_tt_tt_1,788,English,USA,PG-13,137e6,2001,2000,6.4,1.85,0,137.0
Color,Joe Johnston,510,124,394,2000,Dominic Cooper,11000,176636816,Action|Adventure|Sci-Fi,Chris Evans,Captain America: The First Avenger,508818,19761,Hayley Atwell,0,arctic|captain america|scientist|tesseract|war bond,http://www.imdb.com/title/tt0458339/?ref_=fn_tt_tt_1,679,English,USA,PG-13,14e7,2011,3000,6.9,2.35,46000,140.0
Color,Peter Weir,244,138,608,168,Lee Ingleby,613,93926386,Action|Adventure|Drama|History|War,James D'Arcy,Master and Commander: The Far Side of the World,168207,1205,David Threlfall,1,1800s|napoleonic wars|pursuit|royal navy|ship,http://www.imdb.com/title/tt0311113/?ref_=fn_tt_tt_1,684,English,USA,PG-13,15e7,2003,172,7.4,2.35,0,150.0
Color,Bill Condon,322,115,386,12000,Kristen Stewart,21000,292298923,Adventure|Drama|Fantasy|Romance,Robert Pattinson,The Twilight Saga: Breaking Dawn - Part 2,185394,59177,Taylor Lautner,3,battle|friend|super strength|vampire|vision,http://www.imdb.com/title/tt1673434/?ref_=fn_tt_tt_1,329,English,USA,PG-13,12e7,2012,17000,5.5,2.35,65000,120.0
Color,Louis Leterrier,354,135,255,882,Peter Mensah,3000,134518390,Action|Adventure|Sci-Fi,Ty Burrell,The Incredible Hulk,326286,5811,William Hurt,0,antidote|cure|hulk|marvel cinematic universe|opening action scene,http://www.imdb.com/title/tt0800080/?ref_=fn_tt_tt_1,643,English,USA,PG-13,15e7,2008,1000,6.8,2.35,0,150.0
Color,Alejandro G. IÃ±Ã¡rritu,556,156,0,733,Tom Hardy,29000,183635922,Adventure|Drama|Thriller|Western,Leonardo DiCaprio,The Revenant,406020,57108,Lukas Haas,0,bear attack|cauterizing a wound|native american|revenge|survival,http://www.imdb.com/title/tt1663202/?ref_=fn_tt_tt_1,1188,English,USA,R,135e6,2015,27000,8.1,2.35,190000,135.0
Color,David Soren,166,96,13,463,Snoop Dogg,16000,83024900,Adventure|Animation|Comedy|Family|Sport,Ryan Reynolds,Turbo,62424,17416,Ben Schwartz,0,accident|freak accident|race|snail|underdog,http://www.imdb.com/title/tt1860353/?ref_=fn_tt_tt_1,90,English,USA,PG,135e6,2013,881,6.5,2.35,13000,135.0
Color,Gore Verbinski,362,107,563,939,Ray Winstone,40000,123207194,Adventure|Animation|Comedy|Family|Western,Johnny Depp,Rango,183208,43291,Stephen Root,0,chameleon|lizard|sheriff|water|western town,http://www.imdb.com/title/tt1192628/?ref_=fn_tt_tt_1,337,English,USA,PG,135e6,2011,1000,7.2,2.35,26000,135.0
Color,Eric Darnell,153,92,35,179,Annet Mahendru,19000,83348920,Adventure|Animation|Comedy|Family,Benedict Cumberbatch,Penguins of Madagascar,60230,19963,Andy Richter,0,little girl|park|spy|statue of liberty|television van,http://www.imdb.com/title/tt1911658/?ref_=fn_tt_tt_1,118,English,USA,PG,132e6,2014,411,6.7,1.85,11000,132.0
Color,Paul Greengrass,329,115,521,883,Edgar RamÃ­rez,13000,227137090,Action|Mystery|Thriller,Matt Damon,The Bourne Ultimatum,491077,17369,Albert Finney,0,action hero|cia|dark past|flashback|memory,http://www.imdb.com/title/tt0440963/?ref_=fn_tt_tt_1,820,English,USA,PG-13,11e7,2007,897,8.1,2.35,0,110.0
Color,Mark Osborne,266,92,54,562,Wayne Knight,11000,215395021,Action|Adventure|Animation|Comedy|Family,Angelina Jolie Pitt,Kung Fu Panda,307029,12754,Dan Fogler,0,kung fu|kung fu master|master|panda|snow leopard,http://www.imdb.com/title/tt0441773/?ref_=fn_tt_tt_1,360,English,USA,PG,13e7,2008,967,7.6,2.35,6000,130.0
Color,Peyton Reed,517,117,235,680,Hayley Atwell,2000,180191634,Action|Adventure|Comedy|Sci-Fi,Judy Greer,Ant-Man,313866,5730,T.I.,6,ant|chinatown san francisco|heist|sabotage|vault,http://www.imdb.com/title/tt0478970/?ref_=fn_tt_tt_1,549,English,USA,PG-13,13e7,2015,2000,7.4,1.85,61000,130.0
Color,Francis Lawrence,502,146,508,523,Josh Hutcherson,34000,424645577,Adventure|Sci-Fi|Thriller,Jennifer Lawrence,The Hunger Games: Catching Fire,498397,49355,Sandra Ellis Lafferty,1,president|snow|television|tour|uprising,http://www.imdb.com/title/tt1951264/?ref_=fn_tt_tt_1,706,English,USA,PG-13,13e7,2013,14000,7.6,2.35,82000,130.0
Color,Bill Condon,322,115,386,12000,Kristen Stewart,21000,292298923,Adventure|Drama|Fantasy|Romance,Robert Pattinson,The Twilight Saga: Breaking Dawn - Part 2,185394,59177,Taylor Lautner,3,battle|friend|super strength|vampire|vision,http://www.imdb.com/title/tt1673434/?ref_=fn_tt_tt_1,329,English,USA,PG-13,12e7,2012,17000,5.5,2.35,65000,120.0
Color,Tim Johnson,165,94,12,183,Matt Jones,17000,177343675,Adventure|Animation|Comedy|Family|Fantasy|Sci-Fi,Jim Parsons,Home,70121,17883,April Winchell,0,alien friendship|alien invasion|australia|flying car|mother daughter relationship,http://www.imdb.com/title/tt2224026/?ref_=fn_tt_tt_1,214,English,USA,PG,135e6,2015,523,6.7,1.85,26000,135.0
Color,Steven Spielberg,401,116,14000,807,Lisa Ann Walter,10000,234277056,Adventure|Sci-Fi|Thriller,Tom Cruise,War of the Worlds,334345,12758,Rick Gonzalez,0,alien|fight|storm|survival|tripod,http://www.imdb.com/title/tt0407304/?ref_=fn_tt_tt_1,2741,English,USA,PG-13,132e6,2005,1000,6.5,1.85,0,132.0
Color,Michael Bay,94,147,0,877,Henry Rollins,10000,138396624,Action|Comedy|Crime|Thriller,Will Smith,Bad Boys II,178126,12954,Jordi MollÃ ,1,cuba|dea|drugs|money|undercover,http://www.imdb.com/title/tt0172156/?ref_=fn_tt_tt_1,511,English,USA,R,13e7,2003,898,6.6,2.35,0,130.0
Color,Chris Miller,246,90,50,397,Constance Marie,4000,149234747,Action|Adventure|Animation|Comedy|Family|Fantasy,Salma Hayek,Puss in Boots,114287,5046,Amy Sedaris,0,betrayal|egg|friend|goose|hero,http://www.imdb.com/title/tt0448694/?ref_=fn_tt_tt_1,137,English,USA,PG,13e7,2011,442,6.7,2.35,16000,130.0
Color,Phillip Noyce,330,101,176,282,Andre Braugher,11000,118311368,Action|Crime|Mystery|Thriller,Angelina Jolie Pitt,Salt,245621,12406,August Diehl,1,cia|on the run|russian|russian spy|strong female lead,http://www.imdb.com/title/tt0944835/?ref_=fn_tt_tt_1,514,English,USA,PG-13,11e7,2010,702,6.4,2.35,23000,110.0
Color,Darren Aronofsky,434,138,0,8000,Emma Watson,12000,101160529,Action|Adventure|Drama,Anthony Hopkins,Noah,200022,32355,Logan Lerman,2,ark|flood|noah's ark|water|wrath of god,http://www.imdb.com/title/tt1959490/?ref_=fn_tt_tt_1,1240,English,USA,PG-13,125e6,2014,9000,5.8,1.85,71000,125.0
Color,Steven Spielberg,440,107,14000,845,Mackenzie Crook,2000,77564037,Action|Adventure|Family|Mystery,Toby Jones,The Adventures of Tintin,177383,4631,Tony Curran,1,captain|morocco|ship|tintin|treasure,http://www.imdb.com/title/tt0983193/?ref_=fn_tt_tt_1,447,English,USA,PG,135e6,2011,871,7.4,2.35,44000,135.0
Color,M. Night Shyamalan,349,100,0,894,ZoÃ« Kravitz,10000,60522097,Action|Adventure|Sci-Fi,Will Smith,After Earth,158720,14168,Glenn Morshower,0,box office flop|father son team|fear|race against time|real life father and son playing father and son,http://www.imdb.com/title/tt1815862/?ref_=fn_tt_tt_1,744,English,USA,PG-13,13e7,2013,943,4.9,2.35,37000,130.0
Color,Eric Leighton,145,82,0,388,D.B. Sweeney,1000,137748063,Adventure|Animation|Family|Thriller,Alfre Woodard,Dinosaur,38438,2945,Della Reese,1,egg|iguanodon|lemur|meteor|nesting grounds,http://www.imdb.com/title/tt0130623/?ref_=fn_tt_tt_1,241,English,USA,PG,1275e5,2000,558,6.5,1.85,0,127.5
Color,Shawn Levy,154,98,189,1000,Rami Malek,49000,113733726,Adventure|Comedy|Family|Fantasy,Robin Williams,Night at the Museum: Secret of the Tomb,67223,53587,Steve Coogan,7,museum|museum of natural history manhattan new york city|night watchman|star died before release|tablet,http://www.imdb.com/title/tt2692250/?ref_=fn_tt_tt_1,126,English,USA,PG,127e6,2014,3000,6.2,1.85,11000,127.0
Color,Tom McGrath,233,95,96,8000,Brad Pitt,24000,148337537,Action|Animation|Comedy|Family|Sci-Fi,J.K. Simmons,Megamind,172754,46120,Will Ferrell,3,battle|city|planet|prison|superhero,http://www.imdb.com/title/tt1001526/?ref_=fn_tt_tt_1,187,English,USA,PG,13e7,2010,11000,7.3,2.35,13000,130.0
Color,Robert Schwentke,208,96,124,1000,Jeff Bridges,16000,33592415,Action|Comedy|Fantasy,Ryan Reynolds,R.I.P.D.,91640,31549,Stephanie Szostak,2,drug dealer|gold|partner|police|undead,http://www.imdb.com/title/tt0790736/?ref_=fn_tt_tt_1,210,English,USA,PG-13,13e7,2013,12000,5.6,2.35,20000,130.0
Color,Gore Verbinski,271,143,563,1000,Orlando Bloom,40000,305388685,Action|Adventure|Fantasy,Johnny Depp,Pirates of the Caribbean: The Curse of the Black Pearl,809474,48184,Jack Davenport,3,caribbean|curse|governor|pirate|undead,http://www.imdb.com/title/tt0325980/?ref_=fn_tt_tt_1,2113,English,USA,PG-13,14e7,2003,5000,8.1,2.35,10000,140.0
Color,Francis Lawrence,403,123,508,14000,Philip Seymour Hoffman,34000,337103873,Adventure|Sci-Fi|Thriller,Jennifer Lawrence,The Hunger Games: Mockingjay - Part 1,305008,81385,Josh Hutcherson,1,based on young adult novel|manipulation|rebellion|symbol|uprising,http://www.imdb.com/title/tt1951265/?ref_=fn_tt_tt_1,591,English,USA,PG-13,125e6,2014,22000,6.7,2.35,52000,125.0
Color,Ron Howard,294,174,2000,362,Seth Gabel,15000,217536138,Mystery|Thriller,Tom Hanks,The Da Vinci Code,314253,16008,JÃ¼rgen Prochnow,2,based on supposedly true story|holy grail|mary magdalene|opus dei|secret,http://www.imdb.com/title/tt0382625/?ref_=fn_tt_tt_1,1966,English,USA,PG-13,125e6,2006,574,6.6,2.35,0,125.0
Color,Carlos Saldanha,159,101,107,56,Rachel Crow,688,131536019,Adventure|Animation|Comedy|Family|Musical,Miguel Ferrer,Rio 2,58498,1031,Jeffrey Garcia,0,amazon|bird|father in law|jungle|no opening credits,http://www.imdb.com/title/tt2357291/?ref_=fn_tt_tt_1,99,English,USA,G,103e6,2014,237,6.4,2.35,0,103.0
Color,Justin Lin,342,132,681,12000,Vin Diesel,23000,209805005,Action|Crime|Thriller,Paul Walker,Fast Five,284792,55345,Dwayne Johnson,3,drug lord|drugs|federal agent|heist|police,http://www.imdb.com/title/tt1596343/?ref_=fn_tt_tt_1,366,English,USA,PG-13,125e6,2011,14000,7.3,2.35,54000,125.0
Color,Guy Ritchie,382,129,0,154,Eddie Marsan,21000,186830669,Action|Adventure|Crime|Mystery|Thriller,Robert Downey Jr.,Sherlock Holmes: A Game of Shadows,338635,22403,Paul Anderson,2,factory|gypsy|investigation|sherlock holmes|train,http://www.imdb.com/title/tt1515091/?ref_=fn_tt_tt_1,412,English,USA,PG-13,125e6,2011,979,7.5,2.35,39000,125.0
Color,Louis Leterrier,344,106,255,850,Jason Flemyng,14000,163192114,Action|Adventure|Fantasy,Liam Neeson,Clash of the Titans,229679,18003,Alexa Davalos,0,famous line|hand to hand combat|kraken|rape|zeus,http://www.imdb.com/title/tt0800320/?ref_=fn_tt_tt_1,637,English,USA,PG-13,125e6,2010,1000,5.8,2.35,15000,125.0
Color,Tony Gilroy,436,135,209,602,Scott Glenn,10000,113165635,Action|Adventure|Thriller,Jeremy Renner,The Bourne Legacy,229823,12175,Stacy Keach,0,assassin|cia|drone|pill|wolf,http://www.imdb.com/title/tt1194173/?ref_=fn_tt_tt_1,504,English,USA,PG-13,125e6,2012,826,6.7,2.35,31000,125.0
Color,Joel Schumacher,183,125,541,409,Vivica A. Fox,920,107285004,Action,Michael Gough,Batman & Robin,189855,2699,John Glover,3,butler|critically bashed|cure|freeze|gotham,http://www.imdb.com/title/tt0118688/?ref_=fn_tt_tt_1,1018,English,USA,PG-13,125e6,1997,890,3.7,1.85,0,125.0
Color,Ron Howard,175,110,2000,636,T.J. Thyne,1000,260031035,Comedy|Family|Fantasy,Clint Howard,How the Grinch Stole Christmas,141414,4146,Molly Shannon,0,box office hit|christmas|materialism|public humiliation|snowflake,http://www.imdb.com/title/tt0170016/?ref_=fn_tt_tt_1,482,English,USA,PG,123e6,2000,722,6.0,1.85,0,123.0
Color,Roland Emmerich,239,124,776,812,Dennis Quaid,15000,186739919,Action|Adventure|Sci-Fi|Thriller,Jake Gyllenhaal,The Day After Tomorrow,333248,20553,Sela Ward,0,climate|end of the world|global warming|natural disaster|weather,http://www.imdb.com/title/tt0319262/?ref_=fn_tt_tt_1,1159,English,USA,PG-13,125e6,2004,2000,6.4,2.35,19000,125.0
Color,John Woo,237,123,610,653,Dougray Scott,10000,215397307,Action|Adventure|Thriller,Tom Cruise,Mission: Impossible II,242188,11930,Richard Roxburgh,0,cure|mission|terrorist|thief|virus,http://www.imdb.com/title/tt0120755/?ref_=fn_tt_tt_1,1426,English,USA,PG-13,125e6,2000,794,6.1,2.35,0,125.0
Color,Wolfgang Petersen,231,130,249,461,Mary Elizabeth Mastrantonio,784,182618434,Action|Adventure|Drama|Thriller,Karen Allen,The Perfect Storm,133076,2684,Bob Gunton,0,death|fish|fishing|sea|storm,http://www.imdb.com/title/tt0177971/?ref_=fn_tt_tt_1,779,English,USA,PG-13,14e7,2000,638,6.4,2.35,0,140.0
Color,Tim Story,262,92,167,702,Ioan Gruffudd,11000,131920333,Action|Adventure|Sci-Fi|Thriller,Chris Evans,Fantastic 4: Rise of the Silver Surfer,213275,15302,Andre Braugher,3,fantastic four|space|strong female character|strong female lead|superheroine,http://www.imdb.com/title/tt0486576/?ref_=fn_tt_tt_1,436,English,USA,PG,13e7,2007,2000,5.6,2.35,0,130.0
Color,Ang Lee,552,127,0,341,Rafe Spall,774,124976634,Adventure|Drama|Fantasy,Suraj Sharma,Life of Pi,440084,2121,Tabu,0,animal|faith|india|journey|tiger,http://www.imdb.com/title/tt0454876/?ref_=fn_tt_tt_1,755,English,USA,PG,12e7,2012,358,8.0,1.85,122000,120.0
Color,Mark Steven Johnson,276,123,160,402,Matt Long,12000,115802596,Action|Fantasy|Thriller,Nicolas Cage,Ghost Rider,182661,14017,Peter Fonda,1,blackheart|devil|father|ghost|mephistopheles,http://www.imdb.com/title/tt0259324/?ref_=fn_tt_tt_1,681,English,USA,PG-13,11e7,2007,701,5.2,2.35,0,110.0
Color,McG,102,107,368,1000,Bernie Mac,2000,100685880,Action|Adventure|Comedy|Crime,Demi Moore,Charlie's Angels: Full Throttle,100821,4046,Justin Theroux,0,fbi|murder|ring|witness protection|witness protection program,http://www.imdb.com/title/tt0305357/?ref_=fn_tt_tt_1,554,English,USA,PG-13,12e7,2003,1000,4.8,2.35,0,120.0
Color,Ridley Scott,775,124,0,641,Charlize Theron,13000,126464904,Adventure|Mystery|Sci-Fi,Michael Fassbender,Prometheus,456260,24098,Sean Harris,0,cave painting|medical scanner|planet|pregnant with an alien fetus|suspended animation,http://www.imdb.com/title/tt1446714/?ref_=fn_tt_tt_1,2326,English,USA,R,13e7,2012,9000,7.0,2.35,97000,130.0
Color,Rob Minkoff,71,77,50,537,Brad Garrett,886,64736114,Adventure|Animation|Comedy|Family|Fantasy,Nathan Lane,Stuart Little 2,36471,2682,Melanie Griffith,0,anthropomorphic mouse|falcon|marshmallow|second part|soccer,http://www.imdb.com/title/tt0243585/?ref_=fn_tt_tt_1,69,English,USA,PG,12e7,2002,799,5.4,1.85,459,120.0
Color,Neill Blomkamp,476,109,662,1000,Sharlto Copley,13000,93050117,Action|Drama|Sci-Fi|Thriller,Matt Damon,Elysium,338087,17689,Alice Braga,0,christ figure|class differences|messiah|saviour|social commentary,http://www.imdb.com/title/tt1535108/?ref_=fn_tt_tt_1,814,English,USA,R,115e6,2013,2000,6.6,2.35,61000,115.0
Color,David Twohy,207,134,123,567,Alexa Davalos,14000,57637485,Action|Adventure|Sci-Fi|Thriller,Vin Diesel,The Chronicles of Riddick,183909,17159,Christina Cox,0,bounty hunter|escape|necromonger|planet|warrior,http://www.imdb.com/title/tt0296572/?ref_=fn_tt_tt_1,666,English,USA,PG-13,105e6,2004,850,6.7,2.35,0,105.0
Color,Lana Wachowski,284,135,0,87,Kick Gurry,690,43929341,Action|Family|Sport,Scott Porter,Speed Racer,57873,902,Nicholas Elia,0,based on anime|based on cartoon|gadget car|racer|speed,http://www.imdb.com/title/tt0811080/?ref_=fn_tt_tt_1,414,English,USA,PG,12e7,2008,107,6.1,2.35,0,120.0
Color,James L. Brooks,168,121,274,157,Domenick Lombardozzi,273,30212620,Comedy|Drama|Romance,Shelley Conn,How Do You Know,35066,993,Teyonah Parris,4,embarrassment|falling in love|love|love triangle|revelation,http://www.imdb.com/title/tt1341188/?ref_=fn_tt_tt_1,196,English,USA,PG-13,12e7,2010,216,5.3,1.85,0,120.0
Color,James Mangold,283,117,446,877,Marc Blucas,10000,76418654,Action|Comedy|Romance,Tom Cruise,Knight and Day,148280,12731,Jordi MollÃ ,0,chase|fbi|garage|spy|surveillance,http://www.imdb.com/title/tt1013743/?ref_=fn_tt_tt_1,348,English,USA,PG-13,117e6,2010,973,6.3,2.35,11000,117.0
Color,Joseph Kosinski,539,124,364,1000,Tom Cruise,11000,89021735,Action|Adventure|Mystery|Sci-Fi,Morgan Freeman,Oblivion,387436,22004,ZoÃ« Bell,0,cabin in the woods|drone|flying through a thunderstorm|post apocalypse|sex in a pool,http://www.imdb.com/title/tt1483013/?ref_=fn_tt_tt_1,892,English,USA,PG-13,12e7,2013,10000,7.0,2.35,71000,120.0
Color,George Lucas,359,140,0,4000,Christopher Lee,20000,380262555,Action|Adventure|Fantasy|Sci-Fi,Natalie Portman,Star Wars: Episode III - Revenge of the Sith,520104,44042,Hayden Christensen,4,elongated cry of no|friends become enemies|kicked in the butt|robotic midwife|vision,http://www.imdb.com/title/tt0121766/?ref_=fn_tt_tt_1,3286,English,USA,PG-13,113e6,2005,16000,7.6,2.35,10000,113.0
Color,George Lucas,284,142,0,4000,Christopher Lee,20000,310675583,Action|Adventure|Fantasy|Sci-Fi,Natalie Portman,Star Wars: Episode II - Attack of the Clones,464310,42990,Hayden Christensen,3,martial arts|murdered before giving protagonist information|part computer animation|prequel|prequel to cult film,http://www.imdb.com/title/tt0121765/?ref_=fn_tt_tt_1,3516,English,USA,PG,115e6,2002,16000,6.7,1.78,0,115.0
Color,Pete Docter,250,92,0,773,John Ratzenberger,12000,289907418,Adventure|Animation|Comedy|Family|Fantasy,Steve Buscemi,"Monsters, Inc.",585659,15013,James Coburn,0,friend|little girl|monster|rival|scream,http://www.imdb.com/title/tt0198781/?ref_=fn_tt_tt_1,593,English,USA,G,115e6,2001,1000,8.1,1.85,0,115.0
Color,James Mangold,440,138,446,929,Tao Okamoto,20000,132550960,Action|Adventure|Sci-Fi|Thriller,Hugh Jackman,The Wolverine,328067,23755,Rila Fukushima,1,healing power|marvel comics|mecha|regeneration|self healing,http://www.imdb.com/title/tt1430132/?ref_=fn_tt_tt_1,533,English,USA,PG-13,12e7,2013,992,6.7,2.35,68000,120.0
Color,George Lucas,320,136,0,1000,Liam Neeson,20000,474544677,Action|Adventure|Fantasy|Sci-Fi,Natalie Portman,Star Wars: Episode I - The Phantom Menace,534658,37723,Ian McDiarmid,1,alien|character says i have a bad feeling about this|hand to hand combat|seven word title|wilhelm scream,http://www.imdb.com/title/tt0120915/?ref_=fn_tt_tt_1,3597,English,USA,PG,115e6,1999,14000,6.5,2.35,13000,115.0
Color,Kirk De Micco,257,98,16,12000,Emma Stone,16000,187165546,Adventure|Animation|Comedy|Family|Fantasy,Ryan Reynolds,The Croods,150618,43286,Nicolas Cage,3,cave|caveman|journey|strict father|survival,http://www.imdb.com/title/tt0481499/?ref_=fn_tt_tt_1,195,English,USA,PG,135e6,2013,15000,7.3,2.35,28000,135.0
Color,John Woo,152,153,610,617,Roger Willie,12000,40911830,Action|Drama|War,Nicolas Cage,Windtalkers,55994,15046,Noah Emmerich,0,code|duty|steel helmet|u.s. marine|u.s. soldier,http://www.imdb.com/title/tt0245562/?ref_=fn_tt_tt_1,454,English,USA,R,115e6,2002,836,6.0,2.35,0,115.0
Color,Cedric Nicolas-Troyan,231,120,19,9000,Sam Claflin,26000,47952020,Action|Adventure|Drama|Fantasy,Chris Hemsworth,The Huntsman: Winter's War,37750,46719,Charlize Theron,2,based on fairy tale|dark fantasy|fairy tale|second part|sequel,http://www.imdb.com/title/tt2381991/?ref_=fn_tt_tt_1,134,English,USA,PG-13,115e6,2016,11000,6.1,2.35,16000,115.0
Color,Jonathan Liebesman,348,101,473,429,Danny Woodburn,833,190871240,Action|Adventure|Comedy|Sci-Fi,Noel Fisher,Teenage Mutant Ninja Turtles,167085,2690,Jeremy Howard,0,18 wheeler|mutant|ninja|sewer|turtle,http://www.imdb.com/title/tt1291150/?ref_=fn_tt_tt_1,491,English,USA,PG-13,125e6,2014,809,5.9,2.35,62000,125.0
Color,Roger Donaldson,93,108,79,268,Grant Heslov,650,67155742,Action|Adventure|Thriller,Jamie RenÃ©e Smith,Dante's Peak,62271,1569,Tzi Ma,1,ash|escape|lava|mayor|volcano,http://www.imdb.com/title/tt0118928/?ref_=fn_tt_tt_1,277,English,USA,PG-13,116e6,1997,293,5.8,2.35,0,116.0
Color,Dave Green,181,112,13,799,Noel Fisher,5000,81638674,Action|Adventure|Comedy|Sci-Fi,Stephen Amell,Teenage Mutant Ninja Turtles: Out of the Shadows,17533,8306,Brad Garrett,NA,based on comic book|brother brother relationship|rat|sequel|turtle,http://www.imdb.com/title/tt3949660/?ref_=fn_tt_tt_1,115,English,USA,PG-13,135e6,2016,833,6.3,2.35,12000,135.0
Color,Josh Trank,369,100,128,78,Reg E. Cathey,596,56114221,Action|Adventure|Sci-Fi,Tim Blake Nelson,Fantastic Four,110486,1261,Tim Heidecker,3,box office flop|critically bashed|portal|teleportation|troubled production,http://www.imdb.com/title/tt1502712/?ref_=fn_tt_tt_1,695,English,USA,PG-13,12e7,2015,360,4.3,2.35,41000,120.0
Color,Shawn Levy,179,108,189,1000,Rami Malek,49000,250863268,Action|Adventure|Comedy|Family|Fantasy,Robin Williams,Night at the Museum,234480,55486,Steve Coogan,2,chaos|museum|museum of natural history|night watchman|watchman,http://www.imdb.com/title/tt0477347/?ref_=fn_tt_tt_1,444,English,USA,PG,11e7,2006,3000,6.4,1.85,3000,110.0
Color,Brad Peyton,358,114,62,884,Ioan Gruffudd,12000,155181732,Action|Adventure|Drama|Thriller,Dwayne Johnson,San Andreas,147497,16718,Archie Panjabi,0,disaster movie|earthquake|journey|natural disaster|san andreas fault,http://www.imdb.com/title/tt2126355/?ref_=fn_tt_tt_1,499,English,USA,PG-13,11e7,2015,2000,6.1,2.35,52000,110.0
Color,Roland Emmerich,192,142,776,1000,Adam Baldwin,13000,113330342,Action|Drama|History|War,Heath Ledger,The Patriot,207613,19454,Tom Wilkinson,1,american revolution|british|french|hero|standoff,http://www.imdb.com/title/tt0187393/?ref_=fn_tt_tt_1,1144,English,USA,R,11e7,2000,2000,7.1,2.35,4000,110.0
Color,Steven Soderbergh,198,125,0,350,Julia Roberts,11000,125531634,Crime|Thriller,Brad Pitt,Ocean's Twelve,284852,19359,Mini Anden,0,father daughter relationship|heist|pretending to be pregnant|sequel|thief,http://www.imdb.com/title/tt0349903/?ref_=fn_tt_tt_1,627,English,USA,PG-13,11e7,2004,8000,6.4,2.35,0,110.0
Color,Doug Liman,233,126,218,322,Angelina Jolie Pitt,11000,186336103,Action|Comedy|Crime|Romance|Thriller,Brad Pitt,Mr. & Mrs. Smith,348861,22722,Stephanie March,2,assassin|marriage|secret agent|suburb|target,http://www.imdb.com/title/tt0356910/?ref_=fn_tt_tt_1,798,English,USA,PG-13,12e7,2005,11000,6.5,2.35,0,120.0
Color,Robert Schwentke,263,119,124,1000,Theo James,14000,129995817,Adventure|Sci-Fi|Thriller,Kate Winslet,Insurgent,154621,22622,Mekhi Phifer,0,action heroine|falling from height|mind control|trainhopping|truth serum,http://www.imdb.com/title/tt2908446/?ref_=fn_tt_tt_1,258,English,USA,PG-13,11e7,2015,5000,6.3,2.35,27000,110.0
 Black and White,Martin Scorsese,267,170,17000,827,Adam Scott,29000,102608827,Biography|Drama,Leonardo DiCaprio,The Aviator,264318,34582,Frances Conroy,0,1920s|aviation|fight|spruce goose|test flight,http://www.imdb.com/title/tt0338751/?ref_=fn_tt_tt_1,799,English,USA,PG-13,11e7,2004,3000,7.5,2.35,0,110.0
Color,Rob Letterman,184,85,11,116,Catherine Tate,480,42776259,Adventure|Comedy|Family|Fantasy,James Corden,Gulliver's Travels,53160,1173,Olly Alexander,1,bermuda triangle|box office hit|shipwrecked|travel|travel writer,http://www.imdb.com/title/tt1320261/?ref_=fn_tt_tt_1,121,English,USA,PG,112e6,2010,392,4.9,2.35,0,112.0
Color,Michel Gondry,447,119,1000,741,Tom Wilkinson,11000,98780042,Action|Comedy|Crime|Sci-Fi|Thriller,Christoph Waltz,The Green Hornet,136019,13391,Chad L. Coleman,0,heir|kung fu|party|playboy|superhero,http://www.imdb.com/title/tt0990407/?ref_=fn_tt_tt_1,443,English,USA,PG-13,12e7,2011,1000,5.8,2.35,14000,120.0
Color,Noam Murro,366,102,263,1000,Sullivan Stapleton,6000,106369117,Action|Drama|Fantasy|War,Eva Green,300: Rise of an Empire,225273,10583,Peter Mensah,0,army|commander|female rear nudity|greek|navy,http://www.imdb.com/title/tt1253863/?ref_=fn_tt_tt_1,523,English,USA,R,11e7,2014,1000,6.2,2.35,71000,110.0
Color,Raja Gosnell,172,103,67,111,Tim Gunn,383,142614158,Adventure|Animation|Comedy|Family|Fantasy,Mahadeo Shivraj,The Smurfs,66593,692,Madison McKinley,3,blue|new york|new york city|no opening credits|smurf,http://www.imdb.com/title/tt0472181/?ref_=fn_tt_tt_1,153,English,USA,PG,11e7,2011,113,5.5,1.78,31000,110.0
Color,Will Finn,104,76,6,421,Roseanne Barr,12000,50026353,Animation|Comedy|Family|Music|Western,Steve Buscemi,Home on the Range,13581,13607,G.W. Bailey,0,cattle|cow|dairy farm|farm|rustler,http://www.imdb.com/title/tt0299172/?ref_=fn_tt_tt_1,88,English,USA,PG,11e7,2004,513,5.4,1.78,304,110.0
Color,Robert Schwentke,181,120,124,943,Theo James,6000,66002193,Action|Adventure|Mystery|Sci-Fi|Thriller,Naomi Watts,Allegiant,44296,12452,ZoÃ« Kravitz,3,based on young adult novel|dystopia|genetic experimentation|strong female character|strong female lead,http://www.imdb.com/title/tt3410834/?ref_=fn_tt_tt_1,144,English,USA,PG-13,11e7,2016,5000,5.8,2.35,12000,110.0
Color,Shawn Levy,327,127,189,544,Torey Michael Adkins,20000,85463309,Action|Drama|Sci-Fi|Sport,Hugh Jackman,Real Steel,254841,22254,Olga Fonda,1,arena|boxing|boxing movie|robot|robot battle,http://www.imdb.com/title/tt0433035/?ref_=fn_tt_tt_1,426,English,USA,PG-13,11e7,2011,929,7.1,2.35,36000,110.0
Color,Raja Gosnell,125,105,67,40,Nancy O'Dell,681,71017784,Adventure|Animation|Comedy|Family|Fantasy,Jacob Tremblay,The Smurfs 2,27257,914,Vanessa Matsui,3,based on cartoon|box office hit|no opening credits|sequel|smurf,http://www.imdb.com/title/tt2017020/?ref_=fn_tt_tt_1,59,English,USA,PG,105e6,2013,71,5.4,1.85,0,105.0
Color,Jan de Bont,79,121,101,202,Temuera Morrison,673,48068396,Action|Crime|Romance|Thriller,Jason Patric,Speed 2: Cruise Control,60573,2027,Lois Chiles,0,collision course|computer|cruise|diamonds|ship run aground,http://www.imdb.com/title/tt0120179/?ref_=fn_tt_tt_1,248,English,USA,PG-13,16e7,1997,368,3.7,2.35,894,160.0
Color,Gavin Hood,326,114,151,430,Moises Arias,11000,61656849,Action|Sci-Fi,Harrison Ford,Ender's Game,184561,12908,Aramis Knight,4,alien|future|manipulation|simulation|training,http://www.imdb.com/title/tt1731141/?ref_=fn_tt_tt_1,554,English,USA,PG-13,11e7,2013,635,6.7,2.35,123000,110.0
Color,Len Wiseman,354,129,235,297,Jonathan Sadowski,13000,134520804,Action|Adventure|Thriller,Bruce Willis,Live Free or Die Hard,336235,13961,Cyril Raffaelli,1,fbi|hacker|independence day|police|terrorist,http://www.imdb.com/title/tt0337978/?ref_=fn_tt_tt_1,782,English,USA,PG-13,11e7,2007,300,7.2,2.35,0,110.0
Color,Frank Coraci,188,120,153,447,Steve Coogan,1000,24004159,Action|Adventure|Comedy,Jim Broadbent,Around the World in 80 Days,68720,3175,CÃ©cile De France,0,19th century|around the world|inventor|martial arts|train,http://www.imdb.com/title/tt0327437/?ref_=fn_tt_tt_1,191,English,USA,PG,11e7,2004,1000,5.8,2.35,0,110.0
 Black and White,Michael Mann,174,165,0,780,Jada Pinkett Smith,10000,58183966,Biography|Drama|Sport,Will Smith,Ali,79186,14196,Joe Morton,1,african american protagonist|african americans|boxing gym|gym|rumble in the jungle,http://www.imdb.com/title/tt0248667/?ref_=fn_tt_tt_1,386,English,USA,R,107e6,2001,851,6.8,2.35,0,107.0
Color,Bo Welch,109,82,34,434,Kelly Preston,760,100446895,Adventure|Comedy|Family|Fantasy,Sean Hayes,The Cat in the Hat,36033,2762,Spencer Breslin,1,based on cult comic book|cat|home alone|imagination|talking cat,http://www.imdb.com/title/tt0312528/?ref_=fn_tt_tt_1,456,English,USA,PG,109e6,2003,743,3.8,1.85,946,109.0
Color,Alex Proyas,225,115,295,466,Bruce Greenwood,10000,144795350,Action|Mystery|Sci-Fi|Thriller,Will Smith,"I, Robot",387632,12068,Chi McBride,1,humanoid robot|man versus machine|prosthetic limb|robot as pathos|robot vs. robot,http://www.imdb.com/title/tt0343818/?ref_=fn_tt_tt_1,789,English,USA,PG-13,12e7,2004,981,7.1,2.35,0,120.0
Color,Ridley Scott,239,194,0,195,Orlando Bloom,14000,47396698,Action|Adventure|Drama|History|War,Liam Neeson,Kingdom of Heaven,217373,19600,Philip Glenister,1,12th century|crusader|jerusalem|knight|medieval times,http://www.imdb.com/title/tt0320661/?ref_=fn_tt_tt_1,942,English,USA,R,13e7,2005,5000,7.2,2.35,0,130.0
Color,Ron Clements,228,97,63,525,Jenifer Lewis,852,104374107,Animation|Family|Fantasy|Musical|Romance,Oprah Winfrey,The Princess and the Frog,89351,2480,Anika Noni Rose,0,amphibian|dream|frog|frog prince|waitress,http://www.imdb.com/title/tt0780521/?ref_=fn_tt_tt_1,214,English,USA,G,105e6,2009,578,7.1,1.85,5000,105.0
Color,Ridley Scott,568,151,0,372,Donald Glover,13000,228430993,Adventure|Drama|Sci-Fi,Matt Damon,The Martian,472488,14831,Benedict Wong,1,astronaut|international cooperation|left for dead|nasa|space habitat,http://www.imdb.com/title/tt3659388/?ref_=fn_tt_tt_1,1023,English,USA,PG-13,108e6,2015,801,8.1,2.35,153000,108.0
Color,Michael Bay,257,136,0,3000,Steve Buscemi,19000,35799026,Action|Adventure|Romance|Sci-Fi|Thriller,Scarlett Johansson,The Island,263329,34839,Djimon Hounsou,1,clone|environment|escape|island|lottery,http://www.imdb.com/title/tt0399201/?ref_=fn_tt_tt_1,899,English,USA,PG-13,126e6,2005,12000,6.9,2.35,0,126.0
Color,Ridley Scott,265,171,0,695,Connie Nielsen,3000,187670866,Action|Drama|Romance,Djimon Hounsou,Gladiator,982637,6521,Oliver Reed,0,battlefield|blood|combat|gladiator|roman empire,http://www.imdb.com/title/tt0172495/?ref_=fn_tt_tt_1,2368,English,USA,R,103e6,2000,933,8.5,2.35,21000,103.0
Color,Steven Spielberg,252,145,14000,533,Frank Grillo,10000,132014112,Action|Mystery|Sci-Fi|Thriller,Tom Cruise,Minority Report,399651,12546,Jessica Capshaw,0,future|murder|neo noir|washington d.c.|year 2054,http://www.imdb.com/title/tt0181689/?ref_=fn_tt_tt_1,1331,English,USA,PG-13,102e6,2002,798,7.7,2.35,0,102.0
Color,James Cameron,210,153,0,539,Jenette Goldstein,780,204843350,Action|Sci-Fi,Joe Morton,Terminator 2: Judgment Day,744891,2829,S. Epatha Merkerson,0,future|liquid metal|multiple cameos|sexy woman|time travel,http://www.imdb.com/title/tt0103064/?ref_=fn_tt_tt_1,983,English,USA,R,102e6,1991,604,8.5,2.35,13000,102.0
Color,James Cameron,94,141,0,618,Tia Carrere,2000,146282411,Action|Comedy|Thriller,Jamie Lee Curtis,True Lies,190439,4528,Tom Arnold,0,espionage|secret agent|secret mission|spy|spy film,http://www.imdb.com/title/tt0111503/?ref_=fn_tt_tt_1,351,English,USA,R,115e6,1994,1000,7.2,2.35,0,115.0
Color,Joe Wright,256,111,456,394,Cara Delevingne,20000,34964818,Adventure|Family|Fantasy,Hugh Jackman,Pan,39956,21393,Nonso Anozie,4,1940s|child hero|fantasy world|orphan|reference to peter pan,http://www.imdb.com/title/tt3332064/?ref_=fn_tt_tt_1,186,English,USA,PG,15e7,2015,548,5.8,2.35,24000,150.0
Color,Paul Verhoeven,192,129,719,423,Patrick Muldoon,660,54700065,Action|Sci-Fi|War,Jake Busey,Starship Troopers,221521,2031,Seth Gilliam,0,alien|federation|future|military|planet,http://www.imdb.com/title/tt0120201/?ref_=fn_tt_tt_1,1049,English,USA,R,105e6,1997,475,7.2,1.85,0,105.0
Color,Ron Clements,127,95,63,720,Martin Short,23000,38120554,Adventure|Animation|Family|Sci-Fi,Joseph Gordon-Levitt,Treasure Planet,71527,26940,Michael Wincott,0,alien|cyborg|pirate|planet|treasure,http://www.imdb.com/title/tt0133240/?ref_=fn_tt_tt_1,217,English,USA,PG,14e7,2002,770,7.1,1.5,0,140.0
Color,Ericson Core,163,114,19,848,Edgar RamÃ­rez,1000,28772222,Action|Crime|Sport|Thriller,Ray Winstone,Point Break,33953,3962,Delroy Lindo,1,athlete|extreme sports|fbi|fbi agent|heist,http://www.imdb.com/title/tt2058673/?ref_=fn_tt_tt_1,163,English,USA,PG-13,105e6,2015,897,5.3,2.35,37000,105.0
Color,Simon West,199,100,165,240,Noah Taylor,11000,131144183,Action|Adventure|Fantasy|Thriller,Angelina Jolie Pitt,Lara Croft: Tomb Raider,157016,12150,Chris Barrie,1,illuminati|planetary alignment|time|tomb|tomb raider,http://www.imdb.com/title/tt0146316/?ref_=fn_tt_tt_1,824,English,USA,PG-13,115e6,2001,509,5.7,2.35,0,115.0
Color,John Lee Hancock,106,137,102,877,Marc Blucas,2000,22406362,Drama|History|War|Western,Dennis Quaid,The Alamo,16832,5780,Jordi MollÃ ,0,army|dictator|general|texan|texas,http://www.imdb.com/title/tt0318974/?ref_=fn_tt_tt_1,267,English,USA,PG-13,107e6,2004,973,6.0,2.35,701,107.0
Color,Gary Trousdale,146,95,21,503,Jim Varney,12000,84037039,Action|Adventure|Animation|Family|Fantasy|Sci-Fi,Leonard Nimoy,Atlantis: The Lost Empire,72591,15237,Cree Summer,0,atlantis|crew|expedition|journal|museum,http://www.imdb.com/title/tt0230011/?ref_=fn_tt_tt_1,289,English,USA,PG,12e7,2001,802,6.8,2.35,0,120.0
Color,Josh Trank,369,100,128,78,Reg E. Cathey,596,56114221,Action|Adventure|Sci-Fi,Tim Blake Nelson,Fantastic Four,110486,1261,Tim Heidecker,3,box office flop|critically bashed|portal|teleportation|troubled production,http://www.imdb.com/title/tt1502712/?ref_=fn_tt_tt_1,695,English,USA,PG-13,12e7,2015,360,4.3,2.35,41000,120.0
Color,Andrew Adamson,205,93,80,48,Jennifer Saunders,692,436471036,Adventure|Animation|Comedy|Family|Fantasy|Romance,Rupert Everett,Shrek 2,314630,1148,Conrad Vernon,1,drag queen|physical appearance|princess|queen|sequel,http://www.imdb.com/title/tt0298148/?ref_=fn_tt_tt_1,483,English,USA,PG,15e7,2004,309,7.2,1.85,0,150.0
Color,John Lasseter,256,117,487,769,Cheech Marin,1000,244052771,Adventure|Animation|Comedy|Family|Sport,John Ratzenberger,Cars,263853,4905,George Carlin,0,car|desert|route 66|tow truck|truck,http://www.imdb.com/title/tt0317219/?ref_=fn_tt_tt_1,584,English,USA,G,12e7,2006,843,7.2,2.35,0,120.0
Color,Mark Dindal,161,81,10,397,Fred Willard,925,135381507,Adventure|Animation|Comedy|Family|Sci-Fi,Catherine O'Hara,Chicken Little,63912,2252,Amy Sedaris,0,alien invasion|chicken|fish|friend|panic,http://www.imdb.com/title/tt0371606/?ref_=fn_tt_tt_1,251,English,USA,G,15e7,2005,729,5.8,1.85,912,150.0
Color,Eric Darnell,131,83,35,754,Woody Allen,13000,90646554,Adventure|Animation|Comedy|Family,Sylvester Stallone,Antz,124641,25788,Anne Bancroft,0,ant|friend|princess|soldier|worker,http://www.imdb.com/title/tt0120587/?ref_=fn_tt_tt_1,289,English,USA,PG,105e6,1998,11000,6.6,1.85,0,105.0
Color,Joss Whedon,703,173,0,19000,Robert Downey Jr.,26000,623279547,Action|Adventure|Sci-Fi,Chris Hemsworth,The Avengers,995415,87697,Scarlett Johansson,3,alien invasion|assassin|battle|iron man|soldier,http://www.imdb.com/title/tt0848228/?ref_=fn_tt_tt_1,1722,English,USA,PG-13,22e7,2012,21000,8.1,1.85,123000,220.0
Color,John Lasseter,117,95,487,1000,Madeline Kahn,18000,162792677,Adventure|Animation|Comedy|Family|Fantasy,Kevin Spacey,A Bug's Life,211226,24205,John Ratzenberger,0,ant|circus|grasshopper|misunderstanding|overhearing,http://www.imdb.com/title/tt0120623/?ref_=fn_tt_tt_1,317,English,USA,G,12e7,1998,1000,7.2,2.35,0,120.0
Color,Paul Feig,464,116,176,322,Kate McKinnon,783,118099659,Action|Comedy|Fantasy|Sci-Fi,Ed Begley Jr.,Ghostbusters,69790,2097,Zach Woods,4,ghost|ghostbuster|ghostbusters|male objectification|reboot,http://www.imdb.com/title/tt1289401/?ref_=fn_tt_tt_1,1211,English,USA,PG-13,144e6,2016,370,5.5,2.35,62000,144.0
Color,Ericson Core,163,114,19,848,Edgar RamÃ­rez,1000,28772222,Action|Crime|Sport|Thriller,Ray Winstone,Point Break,33958,3962,Delroy Lindo,1,athlete|extreme sports|fbi|fbi agent|heist,http://www.imdb.com/title/tt2058673/?ref_=fn_tt_tt_1,163,English,USA,PG-13,105e6,2015,897,5.3,2.35,37000,105.0
Color,Michael Bay,257,136,0,3000,Steve Buscemi,19000,35799026,Action|Adventure|Romance|Sci-Fi|Thriller,Scarlett Johansson,The Island,263336,34838,Djimon Hounsou,1,clone|environment|escape|island|lottery,http://www.imdb.com/title/tt0399201/?ref_=fn_tt_tt_1,899,English,USA,PG-13,126e6,2005,12000,6.9,2.35,0,126.0
Color,Joseph Kosinski,469,125,364,1000,Olivia Wilde,12000,172051787,Action|Adventure|Sci-Fi,Jeff Bridges,TRON: Legacy,264186,25549,James Frain,0,arcade|bridge|disappearance|escape|warrior,http://www.imdb.com/title/tt1104001/?ref_=fn_tt_tt_1,665,English,USA,PG,17e7,2010,10000,6.8,2.35,30000,170.0
Color,Louis Leterrier,344,106,255,850,Jason Flemyng,14000,163192114,Action|Adventure|Fantasy,Liam Neeson,Clash of the Titans,229687,18003,Alexa Davalos,0,famous line|hand to hand combat|kraken|rape|zeus,http://www.imdb.com/title/tt0800320/?ref_=fn_tt_tt_1,637,English,USA,PG-13,125e6,2010,1000,5.8,2.35,15000,125.0
Color,Jonathan Liebesman,348,101,473,429,Danny Woodburn,833,190871240,Action|Adventure|Comedy|Sci-Fi,Noel Fisher,Teenage Mutant Ninja Turtles,167089,2690,Jeremy Howard,0,18 wheeler|mutant|ninja|sewer|turtle,http://www.imdb.com/title/tt1291150/?ref_=fn_tt_tt_1,491,English,USA,PG-13,125e6,2014,809,5.9,2.35,62000,125.0
Color,John Lee Hancock,106,137,102,877,Marc Blucas,2000,22406362,Drama|History|War|Western,Dennis Quaid,The Alamo,16832,5780,Jordi MollÃ ,0,army|dictator|general|texan|texas,http://www.imdb.com/title/tt0318974/?ref_=fn_tt_tt_1,267,English,USA,PG-13,107e6,2004,973,6.0,2.35,701,107.0
Color,Tim Johnson,165,94,12,183,Matt Jones,17000,177343675,Adventure|Animation|Comedy|Family|Fantasy|Sci-Fi,Jim Parsons,Home,70133,17883,April Winchell,0,alien friendship|alien invasion|australia|flying car|mother daughter relationship,http://www.imdb.com/title/tt2224026/?ref_=fn_tt_tt_1,214,English,USA,PG,135e6,2015,523,6.7,1.85,26000,135.0
Color,Sam Raimi,392,156,0,4000,James Franco,24000,336530303,Action|Adventure|Romance,J.K. Simmons,Spider-Man 3,383071,46055,Kirsten Dunst,0,sandman|spider man|symbiote|venom|villain,http://www.imdb.com/title/tt0413300/?ref_=fn_tt_tt_1,1902,English,USA,PG-13,258e6,2007,11000,6.2,2.35,0,258.0
Color,Frank Coraci,188,120,153,447,Steve Coogan,1000,24004159,Action|Adventure|Comedy,Jim Broadbent,Around the World in 80 Days,68722,3175,CÃ©cile De France,0,19th century|around the world|inventor|martial arts|train,http://www.imdb.com/title/tt0327437/?ref_=fn_tt_tt_1,191,English,USA,PG,11e7,2004,1000,5.8,2.35,0,110.0
Color,Joe Wright,256,111,456,394,Cara Delevingne,20000,34964818,Adventure|Family|Fantasy,Hugh Jackman,Pan,39975,21404,Nonso Anozie,4,1940s|child hero|fantasy world|orphan|reference to peter pan,http://www.imdb.com/title/tt3332064/?ref_=fn_tt_tt_1,186,English,USA,PG,15e7,2015,559,5.8,2.35,24000,150.0
Color,Tim Burton,451,108,13000,11000,Alan Rickman,40000,334185206,Adventure|Family|Fantasy,Johnny Depp,Alice in Wonderland,306336,79957,Anne Hathaway,0,alice in wonderland|mistaking reality for dream|queen|shrinking|shrinking potion,http://www.imdb.com/title/tt1014759/?ref_=fn_tt_tt_1,736,English,USA,PG,2e8,2010,25000,6.5,1.85,24000,200.0
Color,Tim Johnson,165,94,12,183,Matt Jones,17000,177343675,Adventure|Animation|Comedy|Family|Fantasy|Sci-Fi,Jim Parsons,Home,70136,17883,April Winchell,0,alien friendship|alien invasion|australia|flying car|mother daughter relationship,http://www.imdb.com/title/tt2224026/?ref_=fn_tt_tt_1,214,English,USA,PG,135e6,2015,523,6.7,1.85,26000,135.0
Color,Sam Raimi,525,130,0,11000,Mila Kunis,44000,234903076,Adventure|Family|Fantasy,Tim Holmes,Oz the Great and Powerful,175413,73441,James Franco,4,circus|magic|magician|oz|witch,http://www.imdb.com/title/tt1623205/?ref_=fn_tt_tt_1,511,English,USA,PG,215e6,2013,15000,6.4,2.35,60000,215.0
