Year ,School ,Speaker ,Event Type ,Controversy Topic ,Disinvitation? ,From Right or Left of Speaker ,Details
2016,University of Pennsylvania ,John Brennan ,Campus Speech/Debate ,Civil Liberties ,Yes ,From the Left ,view 
2016,George Washington University ,Action Bronson ,Other ,"Views on Gender, Other ",Yes ,From the Left ,view 
2016,San Francisco State University ,Nir Barkat ,Campus Speech/Debate ,Views on Israeli-Palestinian Conflict ,Yes ,From the Left ,view 
2016,Scripps College ,Madeline Albright ,Commencement ,Other Political Views or Positions ,No ,From the Left ,view 
2016,Syracuse University ,Madeline Albright ,Campus Speech/Debate ,Other Political Views or Positions ,No ,From the Left ,view 
2016,University of Alabama - Huntsville ,Jeff Sessions ,Commencement ,"Other Political Views or Positions, Local Politics ",No ,From the Right ,view 
2016,"California State University, Los Angeles ",Ben Shapiro ,Campus Speech/Debate ,"Racial Issues, Civil Liberties ",Yes ,From the Left ,view 
2016,Brown University ,Janet Mock ,Campus Speech/Debate ,Views on Israeli-Palestinian Conflict ,Yes ,From the Left ,view 
2016,Virginia Tech ,Charles Murray ,Campus Speech/Debate ,Racial Issues ,No ,From the Left ,view 
2016,Williams College ,John Derbyshire ,Campus Speech/Debate ,Racial Issues ,Yes ,From the Left ,view 
2016,Seattle University ,Sara Pentlicky ,Campus Speech/Debate ,Views on Abortion/Contraception ,No ,From the Right ,view 
2016,University of Chicago ,Anita Alvarez ,Campus Speech/Debate ,Racial Issues ,Yes ,From the Left ,view 
2016,University of Chicago ,Bassem Eid ,Campus Speech/Debate ,Views on Israeli-Palestinian Conflict ,Yes ,From the Left ,view 
2016,Georgetown University ,Cecile Richards ,Campus Speech/Debate ,Views on Abortion/Contraception ,No ,From the Right ,view 
2016,Trinity College ,Action Bronson ,Other ,"Views on Gender, Other ",Yes ,From the Left ,view 
2016,Occidental College ,Randall Kennedy ,Commencement ,"Views on Gender, Other ",No ,From the Left ,view 
2016,Georgetown University ,Jeh Johnson ,Commencement ,Views on Immigration ,No ,From the Left ,view 
2016,University of Notre Dame ,Joe Biden ,Commencement ,"Views on Abortion/Contraception, Views on Sexual Orientation ",No ,From the Right ,view 
2016,University of Notre Dame ,John Boehner ,Commencement ,Other Political Views or Positions ,No ,From the Left ,view 
2016,Virginia Tech ,Jason Riley ,Campus Speech/Debate ,Racial Issues ,Yes ,From the Left ,view 
2016,New York University ,James Watson ,Campus Speech/Debate ,Racial Issues ,Yes ,From the Left ,view 
2016,Newman University ,Carol Beier ,Campus Speech/Debate ,Views on Abortion/Contraception ,Yes ,From the Right ,view 
2016,University of Miami ,Milo Yiannopoulos ,Campus Speech/Debate ,"Views on Sexual Orientation, Racial Issues, Views on Islam, Views on Gender, Other Political Views or Positions ",Yes ,From the Left ,view 
2016,Syracuse University ,Shimon Dotan ,Campus Speech/Debate ,Views on Israeli-Palestinian Conflict ,Yes ,From the Left ,view 
2016,Louisiana State University ,Milo Yiannopoulos ,Campus Speech/Debate ,"Views on Sexual Orientation, Racial Issues, Views on Islam, Views on Gender, Other Political Views or Positions ",No ,From the Left ,view 
2016,University of Washington ,Milo Yiannopoulos ,Campus Speech/Debate ,"Views on Sexual Orientation, Racial Issues, Views on Islam, Views on Gender, Other Political Views or Positions, Views on Immigration ",No ,From the Left ,view 
2016,Elon University ,Kathleen Parker ,Campus Speech/Debate ,"Racial Issues, Views on Gender ",No ,From the Left ,view 
2016,DePaul University ,Milo Yiannopolous ,Campus Speech/Debate ,"Views on Sexual Orientation, Racial Issues, Views on Gender ",Yes ,From the Left ,view 
2016,DePaul University ,Milo Yiannopolous ,Campus Speech/Debate ,"Views on Sexual Orientation, Racial Issues, Views on Gender ",Yes ,From the Left ,view 
2016,DePaul University ,Ben Shapiro ,Campus Speech/Debate ,"Racial Issues, Views on Islam, Views on Gender, Other Political Views or Positions ",Yes ,From the Left ,view 
2016,University of Colorado ,Milo Yiannopoulos ,Campus Speech/Debate ,"Views on Sexual Orientation, Racial Issues, Views on Islam, Views on Gender, Other Political Views or Positions, Views on Immigration ",No ,From the Left ,view 
2016,California Polytechnic State University ,Milo Yiannopoulos ,Campus Speech/Debate ,"Views on Sexual Orientation, Racial Issues, Views on Islam, Views on Gender, Other Political Views or Positions, Views on Immigration ",No ,From the Left ,view 
2016,"California State University, Northridge ",George Gawrych ,Campus Speech/Debate ,Other Political Views or Positions ,Yes ,N/A ,view 
2016,"University of California, Irvine ",Milo Yiannopoulos ,Campus Speech/Debate ,"Views on Sexual Orientation, Racial Issues, Views on Islam, Views on Gender, Other Political Views or Positions, Views on Immigration ",No ,From the Left ,view 
2016,New York University ,Milo Yiannopoulos ,Campus Speech/Debate ,"Views on Sexual Orientation, Racial Issues, Views on Islam, Views on Gender, Other Political Views or Positions, Views on Immigration ",Yes ,From the Left ,view 
2016,"University of California, Davis ",Milo Yiannopoulos ,Campus Speech/Debate ,"Views on Sexual Orientation, Racial Issues, Views on Islam, Views on Gender, Other Political Views or Positions, Views on Immigration ",No ,From the Left ,view 
2016,University of Chicago ,Ryan Bomberger ,Campus Speech/Debate ,Views on Abortion/Contraception ,Yes ,From the Left ,view 
2016,University of Texas at Austin ,Caroline Glick ,Campus Speech/Debate ,Views on Israeli-Palestinian Conflict ,Yes ,N/A ,view 
2016,North Dakota State University ,Milo Yiannopoulos ,Campus Speech/Debate ,"Views on Sexual Orientation, Racial Issues, Views on Islam, Views on Gender, Other Political Views or Positions, Views on Immigration ",Yes ,From the Left ,view 
2016,Princeton University ,Miko Peled ,Campus Speech/Debate ,Views on Israeli-Palestinian Conflict ,Yes ,N/A ,view 
2016,Texas A&M University ,Richard Spencer ,Campus Speech/Debate ,Racial Issues ,No ,From the Left ,view 
2016,Washington State University ,Milo Yiannopoulos ,Campus Speech/Debate ,"Views on Sexual Orientation, Racial Issues, Views on Islam, Views on Gender, Other Political Views or Positions, Views on Immigration ",No ,From the Left ,view 
2016,Hampshire College ,Emily Wong ,Commencement ,Other ,Yes ,From the Left ,view 
2015,Southern Illinois University Carbondale ,Bruce Rauner ,Commencement ,"Other Political Views or Positions, Local Politics ",No ,From the Left ,view 
2015,Williams College ,Suzanne Venker ,Campus Speech/Debate ,Views on Gender ,Yes ,From the Right ,view 
2015,"University of California, Berkeley ",Nicholas Dirks ,Campus Speech/Debate ,"Racial Issues, Other ",Yes ,From the Left ,view 
2015,New York University ,Harold Koh ,Teaching ,Civil Liberties ,No ,From the Left ,view 
2015,University of North Texas ,Greg Abbott ,Commencement ,"Views on Sexual Orientation, Views on Immigration ",No ,From the Left ,view 
2015,American Baptist College ,Yvette Flunder ,Campus Speech/Debate ,Views on Sexual Orientation ,No ,From the Right ,view 
2015,Saint Louis University ,Robert McCulloch ,Campus Speech/Debate ,Racial Issues ,No ,From the Left ,view 
2015,Duke University ,Asra Nomani ,Campus Speech/Debate ,Views on Islam ,Yes ,From the Left ,view 
2015,Kean University ,Common ,Commencement ,Other ,Yes ,From the Right ,view 
2015,Texas Tech University ,Angela Davis ,Campus Speech/Debate ,Other Political Views or Positions ,No ,From the Right ,view 
2015,Oberlin College ,Christina Hoff Summers ,Campus Speech/Debate ,Views on Gender ,No ,From the Left ,view 
2015,Le Moyne College ,Timothy Dolan ,Commencement ,"Views on Sexual Orientation, Criminal/Other Misconduct ",No ,From the Left ,view 
2015,Princeton University ,Big Sean ,Other ,Other ,No ,From the Left ,view 
2015,Pennsylvania State University ,William Ayers ,Campus Speech/Debate ,"Other Political Views or Positions, Criminal/Other Misconduct ",No ,From the Right ,view 
2015,Harvard University ,Robin Steinberg ,Campus Speech/Debate ,Other Political Views or Positions ,Yes ,From the Right ,view 
2015,St. John Fisher College ,Rudolph Giuliani ,Commencement ,"Racial Issues, Other Political Views or Positions ",No ,From the Left ,view 
2015,"University of California, Los Angeles ",Cornel West ,Campus Speech/Debate ,Views on Israeli-Palestinian Conflict ,No ,From the Right ,view 
2015,Alma College ,Ben Carson ,Campus Speech/Debate ,"Views on Sexual Orientation, Racial Issues, Views on Gender, Other Political Views or Positions ",No ,From the Left ,view 
2015,University of Southern California ,Luis Gutierrez ,Campus Speech/Debate ,Views on Immigration ,Yes ,From the Right ,view 
2015,University of Minnesota ,Moshe Halbertal ,Campus Speech/Debate ,Views on Israeli-Palestinian Conflict ,No ,From the Left ,view 
2015,Drexel University ,Noam Chomsky ,Commencement ,Views on Israeli-Palestinian Conflict ,No ,From the Right ,view 
2014,"University of California, Davis ",Clint Bolick ,Campus Speech/Debate ,"Racial Issues, Other Political Views or Positions, Views on Immigration ",No ,From the Left ,view 
2014,Goddard College ,Mumia Abu-Jamal ,Commencement ,Criminal/Other Misconduct ,No ,From the Right ,view 
2014,Valdosta State University ,Ben Carson ,Campus Speech/Debate ,"Views on Sexual Orientation, Racial Issues, Other Political Views or Positions ",No ,From the Right ,view 
2014,Tufts University ,Eran Shamir-Borer ,Campus Speech/Debate ,Views on Israeli-Palestinian Conflict ,No ,From the Left ,view 
2014,Montana Tech of the University of Montana ,Freg Gianforte ,Commencement ,"Views on Sexual Orientation, Evolution/Scientific Views ",No ,From the Left ,view 
2014,"University of California, Irvine ",Nonie Darwish ,Campus Speech/Debate ,Views on Islam ,Yes ,From the Left ,view 
2014,Barnard College ,Cecile Richards ,Commencement ,Views on Abortion/Contraception ,No ,From the Right ,view 
2014,Yale University ,Ayaan Hirsi Ali ,Campus Speech/Debate ,Views on Islam ,No ,From the Left ,view 
2014,Miami University (OH) ,George Will ,Campus Speech/Debate ,Views on Gender ,No ,From the Left ,view 
2014,"University of California, Berkeley ",Peter Thiel ,Campus Speech/Debate ,"Racial Issues, Civil Liberties ",Yes ,From the Left ,view 
2014,Laney College ,Janet Napolitano ,Commencement ,Views on Immigration ,No ,From the Left ,view 
2014,Suffolk University ,Abraham Foxman ,Commencement ,"Views on Islam, Other Political Views or Positions ",No ,From the Left ,view 
2014,Haverford College ,Robert Birgeneau ,Commencement ,Civil Liberties ,Yes ,From the Left ,view 
2014,Smith College ,Christine Lagarde ,Commencement ,Views on Gender ,Yes ,From the Left ,view 
2014,Pasadena City College ,Dustin Lance Black ,Commencement ,Other ,Yes ,N/A ,view 
2014,"University of California, Hastings College of Law ",Janet Napolitano ,Commencement ,Views on Immigration ,No ,From the Left ,view 
2014,Rutgers University ,Condoleezza Rice ,Commencement ,"Other Political Views or Positions, Civil Liberties ",Yes ,From the Left ,view 
2014,Harvard University Graduate School of Education ,Michael Johnston ,Commencement ,Other Political Views or Positions ,No ,N/A ,view 
2014,Michigan State University ,George Will ,Commencement ,Views on Gender ,No ,From the Left ,view 
2014,Utah State University ,Anita Sarkeesian ,Campus Speech/Debate ,Views on Gender ,Yes ,From the Right ,view 
2014,Scripps College ,George Will ,Campus Speech/Debate ,Views on Gender ,Yes ,From the Left ,view 
2014,"University of California, Berkeley ",Bill Maher ,Commencement ,Views on Islam ,No ,From the Left ,view 
2014,University of Minnesota ,Condoleezza Rice ,Campus Speech/Debate ,"Other Political Views or Positions, Civil Liberties ",No ,From the Left ,view 
2014,Columbia University ,Alan Dershowitz ,Campus Speech/Debate ,Views on Israeli-Palestinian Conflict ,No ,From the Left ,view 
2014,Harvard University ,Michael Bloomberg ,Commencement ,"Racial Issues, Other Political Views or Positions, Civil Liberties ",No ,From the Left ,view 
2014,Azusa Pacific University ,Charles Murray ,Campus Speech/Debate ,Racial Issues ,Yes ,From the Left ,view 
2014,Brandeis University ,Ayaan Hirsi Ali ,Commencement ,Views on Islam ,Yes ,From the Left ,view 
2014,Howard University ,Sean (Diddy) Combs ,Commencement ,Other ,No ,N/A ,view 
2013,Millersville University ,Tom Corbett ,Commencement ,Local Politics ,No ,From the Left ,view 
2013,Duquesne University ,Geraldo Rivera ,Campus Speech/Debate ,Other ,Yes ,From the Right ,view 
2013,Benedictine College ,Paul Ryan ,Commencement ,Other Political Views or Positions ,No ,From the Left ,view 
2013,Swarthmore College ,Robert Zoellick ,Commencement ,Other Political Views or Positions ,Yes ,From the Left ,view 
2013,Coastal Carolina University ,Tim Scott ,Commencement ,"Views on Gender, Other Political Views or Positions ",No ,From the Left ,view 
2013,St. John's University ,Peter King ,Commencement ,Views on Islam ,No ,From the Left ,view 
2013,Brown University ,Ray Kelly ,Campus Speech/Debate ,"Racial Issues, Civil Liberties ",Yes ,From the Left ,view 
2013,Tuskegee University ,Louis Farrakhan ,Campus Speech/Debate ,"Views on Sexual Orientation, Racial Issues ",No ,From the Left ,view 
2013,Georgetown University ,Greta Van Susteren ,Commencement ,Other Political Views or Positions ,No ,From the Left ,view 
2013,University of Michigan ,Alice Walker ,Campus Speech/Debate ,Views on Israeli-Palestinian Conflict ,Yes ,From the Right ,view 
2013,Xavier University ,Anthony Munoz ,Commencement ,Views on Sexual Orientation ,No ,From the Left ,view 
2013,Providence College ,John Corvino ,Campus Speech/Debate ,Views on Sexual Orientation ,Yes ,From the Right ,view 
2013,University of Oklahoma ,Fareed Zakaria ,Commencement ,Criminal/Other Misconduct ,No ,N/A ,view 
2013,Grand Valley State University ,Rick Snyder ,Commencement ,Local Politics ,No ,From the Left ,view 
2013,Morehouse College ,Kevin Johnson ,Commencement ,Other Political Views or Positions ,Yes ,From the Left ,view 
2013,The George Washington University ,Alec Baldwin ,Commencement ,Views on Sexual Orientation ,Yes ,From the Left ,view 
2013,Johns Hopkins University ,Ben Carson ,Commencement ,Views on Sexual Orientation ,Yes ,From the Left ,view 
2013,Pasadena City College ,James Deen ,Campus Speech/Debate ,Other ,Yes ,From the Right ,view 
2013,Saint Louis University ,Scott Brown ,Campus Speech/Debate ,Other Political Views or Positions ,Yes ,N/A ,view 
2013,Yeshiva University ,Jimmy Carter ,Campus Speech/Debate ,Views on Israeli-Palestinian Conflict ,No ,From the Right ,view 
2013,University of Michigan ,Jennifer Gratz ,Campus Speech/Debate ,Racial Issues ,No ,From the Left ,view 
2013,Midwestern State University ,Ben Carson ,Commencement ,Views on Sexual Orientation ,No ,From the Left ,view 
2013,University of Massachusetts Amherst ,Karl Rove ,Campus Speech/Debate ,"Other Political Views or Positions, Civil Liberties ",No ,From the Left ,view 
2013,"University of California, Santa Barbara ",David Harris-Gershon ,Campus Speech/Debate ,Views on Israeli-Palestinian Conflict ,Yes ,From the Right ,view 
2013,University of Montana Western ,Carol & Pat Williams ,Commencement ,Other ,No ,N/A ,view 
2013,Skidmore College ,Cynthia Carroll ,Commencement ,Other Political Views or Positions ,No ,From the Left ,view 
2013,University of Pennsylvania ,Narendra Modi ,Campus Speech/Debate ,Other Political Views or Positions ,Yes ,From the Left ,view 
2013,Western New England University Law School ,Lois Lerner ,Commencement ,Criminal/Other Misconduct ,Yes ,From the Right ,view 
2013,Lehigh University ,Hisham Melhem ,Campus Speech/Debate ,Other Political Views or Positions ,No ,N/A ,view 
2013,University of Illinois at Urbana-Champaign ,Shahid Khan ,Commencement ,Other Political Views or Positions ,No ,From the Left ,view 
2013,Saint Louis University ,Scott Brown ,Campus Speech/Debate ,Other Political Views or Positions ,Yes ,N/A ,view 
2013,"University of California, Berkeley ",Eric Holder ,Commencement ,Other Political Views or Positions ,No ,From the Left ,view 
2013,Georgetown University ,Ramy Jan ,Campus Speech/Debate ,"Racial Issues, Views on Israeli-Palestinian Conflict ",Yes ,From the Right ,view 
2013,Boston College ,Edna Kenny ,Commencement ,Views on Abortion/Contraception ,No ,From the Right ,view 
2012,Gonzaga University ,Desmond Tutu ,Commencement ,"Views on Abortion/Contraception, Views on Sexual Orientation ",No ,From the Right ,view 
2012,Liberty University ,Mitt Romney ,Commencement ,Speaker's Religion ,No ,N/A ,view 
2012,"University of California, Berkeley ",Louis Farrakhan ,Campus Speech/Debate ,"Views on Sexual Orientation, Racial Issues ",No ,From the Left ,view 
2012,Adrian College ,Pat Boone ,Commencement ,Views on Sexual Orientation ,No ,From the Left ,view 
2012,Temple University ,Robert Spencer ,Campus Speech/Debate ,Views on Islam ,No ,From the Left ,view 
2012,"Indiana University, Bloomington ",Douglas Wilson ,Campus Speech/Debate ,Views on Sexual Orientation ,No ,From the Left ,view 
2012,"University of California, Davis ",Ran Bar-Yoshafat ,Campus Speech/Debate ,Views on Israeli-Palestinian Conflict ,Yes ,From the Left ,view 
2012,"University of California, Irvine ",Osama Shabaik ,Campus Speech/Debate ,"Views on Israeli-Palestinian Conflict, Criminal/Other Misconduct ",Yes ,From the Right ,view 
2012,Fordham University ,Ann Coulter ,Campus Speech/Debate ,Other Political Views or Positions ,Yes ,From the Left ,view 
2012,Cornish College of the Arts ,Mike Daisey ,Commencement ,Criminal/Other Misconduct ,Yes ,N/A ,view 
2012,University of North Carolina at Chapel Hill ,Michael Bloomberg ,Commencement ,"Racial Issues, Civil Liberties ",No ,From the Left ,view 
2012,Michigan State University ,Rick Snyder ,Commencement ,"Other Political Views or Positions, Local Politics ",No ,From the Left ,view 
2012,University of Alabama ,Louis Farrakhan ,Campus Speech/Debate ,"Views on Sexual Orientation, Racial Issues ",No ,From the Left ,view 
2012,Mercy College School of Nursing ,Robert Hagan ,Commencement ,"Views on Abortion/Contraception, Views on Sexual Orientation ",Yes ,From the Right ,view 
2012,Fordham University ,John Brennan ,Commencement ,"Other Political Views or Positions, Civil Liberties ",No ,From the Left ,view 
2012,Earlham College ,Jonah Lehrer ,Campus Speech/Debate ,Criminal/Other Misconduct ,Yes ,N/A ,view 
2012,Emory University ,Ben Carson ,Commencement ,Evolution/Scientific Views ,No ,From the Left ,view 
2012,The George Washington University ,Carlos Slim ,Commencement ,Other ,No ,From the Left ,view 
2012,University of San Diego ,Tina Beattie ,Teaching ,"Views on Abortion/Contraception, Views on Sexual Orientation ",Yes ,From the Right ,view 
2012,Georgetown University ,Kathleen Sebelius ,Commencement ,Views on Abortion/Contraception ,No ,From the Right ,view 
2011,Messiah College ,Frances Piven ,Campus Speech/Debate ,Other Political Views or Positions ,No ,From the Right ,view 
2011,Albright College ,Tom Corbett ,Commencement ,"Other Political Views or Positions, Local Politics ",No ,From the Left ,view 
2011,Dartmouth College ,George H.W. Bush ,Commencement ,Other Political Views or Positions ,No ,From the Left ,view 
2011,Fontbonne University ,Greg Mortenson ,Commencement ,Criminal/Other Misconduct ,Yes ,N/A ,view 
2011,University of Michigan ,Rick Snyder ,Commencement ,"Other Political Views or Positions, Local Politics ",No ,From the Left ,view 
2011,Villanova University ,Anna Quindlen ,Commencement ,Views on Abortion/Contraception ,Yes ,From the Right ,view 
2011,University of Pennsylvania ,Eric Cantor ,Campus Speech/Debate ,Other Political Views or Positions ,Yes ,From the Left ,view 
2011,Johns Hopkins University ,Karl Rove ,Campus Speech/Debate ,"Other Political Views or Positions, Civil Liberties ",No ,From the Left ,view 
2011,Rutgers University ,Nicole Polizzi ,Campus Speech/Debate ,Other ,No ,N/A ,view 
2011,Washington University in St. Louis ,Marvin Casey ,Other ,Views on Israeli-Palestinian Conflict ,Yes ,From the Right ,view 
2011,Catholic University of America ,John Boehner ,Commencement ,Other Political Views or Positions ,No ,From the Left ,view 
2011,Washington University in St. Louis ,Bristol Palin ,Campus Speech/Debate ,Views on Abortion/Contraception ,Yes ,From the Left ,view 
2011,Messiah College ,James Mattera ,Campus Speech/Debate ,Other Political Views or Positions ,Yes ,From the Left ,view 
2011,Worcester Polytechnic Institute ,Rex Tillerson ,Commencement ,Other ,No ,From the Left ,view 
2011,Everett Community College ,Raymond Ibrahim ,Campus Speech/Debate ,Views on Islam ,No ,From the Left ,view 
2011,City University of New York ,Tony Kushner ,Commencement ,Views on Israeli-Palestinian Conflict ,Yes ,From the Right ,view 
2011,University of Wisconsin ,Robert Clegg ,Other ,Racial Issues ,Yes ,From the Left ,view 
2011,Anna Maria College ,Victoria Reggie Kennedy ,Commencement ,Views on Abortion/Contraception ,Yes ,From the Right ,view 
2011,St. Francis University ,Ellen Goodman ,Campus Speech/Debate ,Views on Abortion/Contraception ,Yes ,From the Right ,view 
2011,Point Loma Nazarene University ,Vincente Fox ,Campus Speech/Debate ,Other Political Views or Positions ,Yes ,From the Right ,view 
2011,"University of California, Santa Barbara ",David Horowitz ,Campus Speech/Debate ,Views on Islam ,No ,From the Left ,view 
2011,San Diego City College ,Bonnie Dumanis ,Campus Speech/Debate ,Local Politics ,Yes ,From the Left ,view 
2010,Ohio Wesleyan University ,John McCain ,Commencement ,Views on Immigration ,No ,From the Left ,view 
2010,Saint Louis University ,Pietro Sambi ,Commencement ,Views on Sexual Orientation ,No ,From the Left ,view 
2010,"Indiana University, Bloomington ",Tom Woods ,Commencement ,Other Political Views or Positions ,No ,From the Left ,view 
2010,Butler University ,John Roberts ,Commencement ,Other Political Views or Positions ,No ,From the Left ,view 
2010,University of Minnesota ,  ,Campus Speech/Debate ,Other Political Views or Positions ,No ,From the Left ,view 
2010,Seton Hall University School of Law ,Chris Christie ,Commencement ,"Other Political Views or Positions, Local Politics ",No ,From the Left ,view 
2010,Brandeis University ,Michael Oren ,Commencement ,Views on Israeli-Palestinian Conflict ,No ,From the Left ,view 
2010,"California State University, Stanislaus ",Sarah Palin ,Campus Speech/Debate ,"Other Political Views or Positions, Other ",No ,From the Left ,view 
2010,Temple University ,Geert Wilders ,Campus Speech/Debate ,Views on Islam ,Yes ,From the Left ,view 
2010,The George Washington University ,Michelle Obama ,Commencement ,Other ,No ,From the Right ,view 
2010,University of Wyoming ,William Ayers ,Campus Speech/Debate ,Criminal/Other Misconduct ,Yes ,From the Right ,view 
2010,University of Arizona ,Sandra Soto ,Commencement ,Views on Immigration ,No ,From the Right ,view 
2010,Syracuse University ,Jamie Dimon ,Commencement ,Other ,No ,From the Left ,view 
2010,SUNY Oswego ,John McHugh ,Commencement ,Views on Sexual Orientation ,Yes ,From the Left ,view 
2010,"University of California, Irvine ",Michael Oren ,Campus Speech/Debate ,Views on Israeli-Palestinian Conflict ,No ,From the Left ,view 
2010,Columbia University School of International and Public Affairs ,Vikram Pandit ,Commencement ,Other ,No ,From the Left ,view 
2009,Georgia Southern University ,William Ayers ,Campus Speech/Debate ,"Other Political Views or Positions, Criminal/Other Misconduct ",Yes ,From the Right ,view 
2009,Princeton University ,Nonie Darwish ,Campus Speech/Debate ,Views on Islam ,Yes ,From the Left ,view 
2009,Brandeis University ,William Ayers ,Campus Speech/Debate ,"Other Political Views or Positions, Criminal/Other Misconduct ",No ,From the Right ,view 
2009,DePaul University ,Natan Sharansky ,Campus Speech/Debate ,Views on Israeli-Palestinian Conflict ,No ,From the Left ,view 
2009,Xavier University of Louisiana ,Donna Brazile ,Commencement ,Views on Abortion/Contraception ,No ,From the Right ,view 
2009,University of California - Los Angeles Anderson School of Management ,Meg Whitman ,Commencement ,Views on Sexual Orientation ,Yes ,From the Left ,view 
2009,University of North Carolina School of Law ,Michael Mukasey ,Commencement ,Other Political Views or Positions ,No ,From the Left ,view 
2009,California Polytechnic State University ,Michael Pollan ,Campus Speech/Debate ,Other Political Views or Positions ,No ,N/A ,view 
2009,Saint Louis University ,Jacob Shrybman ,Campus Speech/Debate ,Views on Israeli-Palestinian Conflict ,Yes ,From the Left ,view 
2009,University of Vermont ,Ben Stein ,Commencement ,Evolution/Scientific Views ,Yes ,From the Left ,view 
2009,University of Notre Dame ,Barack Obama ,Commencement ,Views on Abortion/Contraception ,No ,From the Right ,view 
2009,DePaul University ,Jacob Shrybman ,Campus Speech/Debate ,Views on Israeli-Palestinian Conflict ,Yes ,From the Left ,view 
2009,University of North Carolina at Chapel Hill ,Tom Tancredo ,Campus Speech/Debate ,"Other Political Views or Positions, Views on Immigration ",Yes ,From the Left ,view 
2009,Boston College ,William Ayers ,Campus Speech/Debate ,Criminal/Other Misconduct ,Yes ,From the Right ,view 
2009,Arizona State University ,Barack Obama ,Commencement ,"Other Political Views or Positions, Other ",No ,From the Right ,view 
2009,University of Massachusetts ,Raymond Luc Levasseur ,Campus Speech/Debate ,Criminal/Other Misconduct ,Yes ,N/A ,view 
2009,University of Chicago ,Ehud Olmert ,Campus Speech/Debate ,Views on Israeli-Palestinian Conflict ,Yes ,From the Left ,view 
2009,University of California - Los Angeles ,James Franco ,Commencement ,Other ,Yes ,N/A ,view 
2009,University of Massachusetts Amherst ,Don Feder ,Campus Speech/Debate ,Other Political Views or Positions ,Yes ,From the Left ,view 
2009,Millersville University ,William Ayers ,Campus Speech/Debate ,Criminal/Other Misconduct ,No ,From the Right ,view 
2009,University of Oklahoma ,Richard Dawkins ,Campus Speech/Debate ,Evolution/Scientific Views ,No ,From the Right ,view 
2009,McHenry County College ,Marc Falkoff ,Campus Speech/Debate ,"Other Political Views or Positions, Civil Liberties, Other ",Yes ,From the Right ,view 
2009,Harvard University ,Jim Gilchrist ,Campus Speech/Debate ,Views on Immigration ,Yes ,From the Left ,view 
2009,Clark University ,Norman Finkelstein ,Campus Speech/Debate ,Views on Israeli-Palestinian Conflict ,Yes ,From the Right ,view 
2009,Saint Mary's College ,William Ayers ,Campus Speech/Debate ,Criminal/Other Misconduct ,No ,From the Right ,view 
2009,King's College ,Bob Casey ,Commencement ,Views on Abortion/Contraception ,No ,From the Right ,view 
2009,University of North Carolina at Chapel Hill ,Virgil Goode ,Campus Speech/Debate ,"Racial Issues, Views on Immigration ",No ,From the Left ,view 
2009,University of Kentucky ,Ehud Olmert ,Campus Speech/Debate ,Views on Israeli-Palestinian Conflict ,No ,From the Left ,view 
2008,Smith College ,Ryan Sorba ,Campus Speech/Debate ,"Views on Sexual Orientation, Other Political Views or Positions ",Yes ,From the Left ,view 
2008,Boston College ,Michael Mukasey ,Commencement ,"Other Political Views or Positions, Civil Liberties ",No ,From the Left ,view 
2008,Furman University ,George W. Bush ,Commencement ,Other Political Views or Positions ,No ,From the Left ,view 
2008,Northwestern University ,Jeremiah Wright ,Commencement ,"Racial Issues, Other Political Views or Positions ",Yes ,From the Right ,view 
2008,"California State University, Northridge ",Norman Finkelstein ,Campus Speech/Debate ,"Racial Issues, Views on Israeli-Palestinian Conflict, Other Political Views or Positions ",No ,From the Right ,view 
2008,Washington University in St. Louis ,Phyllis Schlafly ,Commencement ,"Views on Abortion/Contraception, Views on Gender, Other Political Views or Positions ",No ,From the Left ,view 
2008,College of St. Catherine ,Bay Buchanan ,Campus Speech/Debate ,Other Political Views or Positions ,Yes ,N/A ,view 
2008,Aquinas College ,John Corvino ,Campus Speech/Debate ,"Views on Sexual Orientation, Other Political Views or Positions ",Yes ,From the Right ,view 
2008,College of St. Catherine ,Al Franken ,Campus Speech/Debate ,Other ,Yes ,N/A ,view 
2008,University of Georgia ,Clarence Thomas ,Commencement ,Criminal/Other Misconduct ,No ,N/A ,view 
2008,George Washington University ,Julian Bond ,Commencement ,Other Political Views or Positions ,No ,From the Right ,view 
2008,College of St. Catherine ,Hillary Clinton ,Campus Speech/Debate ,Other ,Yes ,N/A ,view 
2008,Northwestern University School of Law ,Jerry Springer ,Commencement ,"Criminal/Other Misconduct, Other ",No ,From the Right ,view 
2008,University of Nebraska ,William Ayers ,Campus Speech/Debate ,Criminal/Other Misconduct ,Yes ,From the Right ,view 
2007,Brigham Young University ,Dick Cheney ,Commencement ,Other Political Views or Positions ,No ,From the Left ,view 
2007,University of Southern Indiana ,Gary Yourofsky ,Campus Speech/Debate ,"Criminal/Other Misconduct, Other ",Yes ,From the Right ,view 
2007,University of California ,Lawrence Summers ,Campus Speech/Debate ,Views on Gender ,Yes ,From the Left ,view 
2007,College of St. Mary ,Roberta Wilhelm ,Commencement ,Views on Abortion/Contraception ,Yes ,From the Right ,view 
2007,Saint Mary's College ,Samuel Alito ,Commencement ,Views on Gender ,No ,From the Left ,view 
2007,"University of California, Berkeley ",Nonie Darwish ,Campus Speech/Debate ,"Views on Islam, Other Political Views or Positions ",No ,From the Left ,view 
2007,"University of California, Irvine ",Daniel Pipes ,Campus Speech/Debate ,"Views on Islam, Views on Israeli-Palestinian Conflict, Other Political Views or Positions ",No ,From the Left ,view 
2007,Emory University ,David Horowitz ,Campus Speech/Debate ,"Views on Sexual Orientation, Racial Issues, Other Political Views or Positions ",Yes ,From the Left ,view 
2007,Columbia University ,Jim Gilchrist ,Campus Speech/Debate ,"Other Political Views or Positions, Views on Immigration ",Yes ,From the Left ,view 
2007,Harvard University ,Robert Trivers ,Campus Speech/Debate ,Views on Israeli-Palestinian Conflict ,Yes ,From the Right ,view 
2007,Regent University ,Mitt Romney ,Commencement ,Speaker's Religion ,No ,N/A ,view 
2007,University of St. Thomas ,Archbishop Desmond Tutu ,Campus Speech/Debate ,Views on Israeli-Palestinian Conflict ,Yes ,From the Right ,view 
2007,Tufts University ,Daniel Pipes ,Campus Speech/Debate ,"Views on Islam, Other Political Views or Positions ",No ,From the Left ,view 
2007,DePaul University ,Norman Finkelstein ,Other ,Views on Israeli-Palestinian Conflict ,Yes ,From the Right ,view 
2007,St. Vincent College ,George W. Bush ,Commencement ,Other Political Views or Positions ,No ,From the Left ,view 
2007,Rockefeller University ,James Watson ,Campus Speech/Debate ,Racial Issues ,Yes ,From the Left ,view 
2006,Brandeis University ,Tony Kushner ,Commencement ,Views on Israeli-Palestinian Conflict ,No ,From the Right ,view 
2006,Catholic University of America ,Bob Casey ,Campus Speech/Debate ,"Views on Abortion/Contraception, Views on Sexual Orientation ",No ,From the Right ,view 
2006,"University of California, Los Angeles ",Yaron Brook ,Campus Speech/Debate ,"Views on Islam, Other Political Views or Positions ",No ,From the Left ,view 
2006,Georgetown University ,Chris Simcox ,Campus Speech/Debate ,"Other Political Views or Positions, Views on Immigration ",No ,From the Left ,view 
2006,Boston College ,Condoleezza Rice ,Commencement ,Other Political Views or Positions ,No ,From the Left ,view 
2006,University of Michigan ,Brigitte Gabriel ,Campus Speech/Debate ,Views on Islam ,No ,From the Left ,view 
2006,Columbia University ,Mahmoud Ahmadinejad ,Campus Speech/Debate ,"Views on Israeli-Palestinian Conflict, Other Political Views or Positions ",Yes ,From the Right ,view 
2006,University of South Carolina ,Andrew Bernstein ,Campus Speech/Debate ,Other Political Views or Positions ,No ,From the Left ,view 
2006,Nova Southeastern University ,Salman Rushdie ,Commencement ,Views on Islam ,No ,From the Left ,view 
2006,Oklahoma State University ,George W. Bush ,Commencement ,Other Political Views or Positions ,No ,From the Left ,view 
2006,Columbia University ,John McCain ,Commencement ,"Views on Sexual Orientation, Other Political Views or Positions ",No ,From the Left ,view 
2006,Portland State University ,Peter DeFazio ,Commencement ,"Other Political Views or Positions, Views on Immigration ",No ,From the Left ,view 
2006,University of Texas at Austin ,William Kristol ,Campus Speech/Debate ,Other Political Views or Positions ,No ,From the Left ,view 
2006,Brown University ,Nonie Darwish ,Campus Speech/Debate ,Views on Islam ,Yes ,From the Left ,view 
2006,New School ,John McCain ,Commencement ,"Views on Sexual Orientation, Other Political Views or Positions ",No ,From the Left ,view 
2006,Ball State University ,David Horowitz ,Campus Speech/Debate ,Other Political Views or Positions ,No ,From the Left ,view 
2006,Michigan State University ,Tom Tancredo ,Campus Speech/Debate ,"Other Political Views or Positions, Views on Immigration ",Yes ,From the Left ,view 
2006,University of Memphis ,Brigitte Gabriel ,Campus Speech/Debate ,Views on Islam ,No ,From the Left ,view 
2006,Columbia University ,Jim Gilchrist ,Campus Speech/Debate ,"Other Political Views or Positions, Views on Immigration ",Yes ,From the Left ,view 
2006,"University of California, Irvine ",Yaron Brook ,Campus Speech/Debate ,Other Political Views or Positions ,No ,From the Left ,view 
2005,Santa Monica College ,Arnold Schwarzenegger ,Commencement ,"Other Political Views or Positions, Local Politics ",No ,From the Left ,view 
2005,Bowling Green State University ,David Horowitz ,Campus Speech/Debate ,Other Political Views or Positions ,No ,From the Left ,view 
2005,Calvin College ,George W. Bush ,Commencement ,"Other Political Views or Positions, Civil Liberties ",No ,From the Left ,view 
2005,Western Michigan University ,Pat Buchanan ,Campus Speech/Debate ,"Other Political Views or Positions, Views on Immigration ",Yes ,From the Left ,view 
2005,Georgetown University ,Norman Finkelstein ,Campus Speech/Debate ,Views on Israeli-Palestinian Conflict ,No ,From the Right ,view 
2005,University of Oregon ,Ward Churchill ,Campus Speech/Debate ,Other Political Views or Positions ,Yes ,From the Right ,view 
2005,Hamilton College ,Ward Churchill ,Campus Speech/Debate ,Other Political Views or Positions ,Yes ,From the Right ,view 
2005,St. Elizabeth College of Nursing ,Sherwood Boehert ,Commencement ,Views on Abortion/Contraception ,Yes ,From the Right ,view 
2005,"University of Hawaii, Manoa ",Ward Churchill ,Campus Speech/Debate ,Other Political Views or Positions ,No ,From the Right ,view 
2005,Wheaton College ,Ward Churchill ,Campus Speech/Debate ,Other Political Views or Positions ,Yes ,From the Right ,view 
2005,Antioch College ,Ward Churchill ,Commencement ,Other Political Views or Positions ,Yes ,From the Right ,view 
2005,"University of Wisconsin, Whitewater ",Ward Churchill ,Campus Speech/Debate ,Other Political Views or Positions ,No ,From the Right ,view 
2005,Butler University ,David Horowitz ,Campus Speech/Debate ,Other Political Views or Positions ,No ,From the Left ,view 
2005,Arkansas State University ,David Corn ,Campus Speech/Debate ,Other Political Views or Positions ,Yes ,From the Right ,view 
2005,Harvard University ,Norman Finkelstein ,Campus Speech/Debate ,Views on Israeli-Palestinian Conflict ,Yes ,From the Right ,view 
2005,Middlebury College ,Rudy Giuliani ,Commencement ,"Other Political Views or Positions, Civil Liberties, Local Politics ",No ,From the Left ,view 
2005,Harvard University ,Norman Finkelstein ,Campus Speech/Debate ,Views on Israeli-Palestinian Conflict ,No ,From the Right ,view 
2005,Harding University ,Ann Coulter ,Campus Speech/Debate ,"Other Political Views or Positions, Civil Liberties ",Yes ,From the Left ,view 
2005,"California State University, East Bay ",Richard Rodriguez ,Commencement ,"Racial Issues, Other Political Views or Positions, Views on Immigration ",Yes ,From the Left ,view 
2005,Rice University ,Michelle Hebl ,Commencement ,Other ,No ,N/A ,view 
2005,Eastern Washington University ,Ward Churchill ,Campus Speech/Debate ,Other Political Views or Positions ,Yes ,From the Right ,view 
2005,New York University ,Shirley Tilghman ,Commencement ,Other ,No ,N/A ,view 
2005,Earlham College ,William Kristol ,Campus Speech/Debate ,Other Political Views or Positions ,No ,From the Left ,view 
2004,Villanova University ,Caroll Spinney ,Commencement ,Other ,No ,N/A ,view 
2004,University of Saint Francis ,Nancy Snyderman ,Commencement ,Views on Abortion/Contraception ,Yes ,From the Right ,view 
2004,American University ,Michelle Malkin ,Campus Speech/Debate ,"Racial Issues, Other Political Views or Positions ",Yes ,From the Left ,view 
2004,University of Arizona ,Ann Coulter ,Campus Speech/Debate ,"Views on Islam, Other Political Views or Positions ",No ,From the Left ,view 
2004,"California State University, San Marcos ",Michael Moore ,Campus Speech/Debate ,Other Political Views or Positions ,Yes ,N/A ,view 
2004,George Mason University ,Michael Moore ,Campus Speech/Debate ,Other Political Views or Positions ,Yes ,From the Right ,view 
2004,Catholic University ,Eleanor Holmes Norton ,Campus Speech/Debate ,Views on Abortion/Contraception ,Yes ,From the Right ,view 
2004,Mount Saint Mary's College ,Alberto Gonzales ,Commencement ,Civil Liberties ,Yes ,From the Left ,view 
2004,Catholic University ,Stanley Tucci ,Campus Speech/Debate ,Views on Abortion/Contraception ,Yes ,From the Right ,view 
2004,Hamilton College ,Susan Rosenberg ,Teaching ,"Other Political Views or Positions, Civil Liberties, Criminal/Other Misconduct ",Yes ,From the Right ,view 
2004,University of Arizona ,George W. Bush ,Commencement ,Other Political Views or Positions ,Yes ,From the Right ,view 
2004,"University of California, Berkeley ",Daniel Pipes ,Campus Speech/Debate ,"Views on Islam, Views on Israeli-Palestinian Conflict, Other Political Views or Positions ",No ,From the Left ,view 
2003,Schenectady County Community College ,Scott Ritter ,Campus Speech/Debate ,"Other Political Views or Positions, Criminal/Other Misconduct ",Yes ,From the Right ,view 
2003,Princeton University ,Fred Hargadon ,Commencement ,Views on Sexual Orientation ,No ,From the Left ,view 
2003,Guilford College ,Howard Coble ,Commencement ,Civil Liberties ,Yes ,From the Left ,view 
2003,College of the Holy Cross ,Chris Matthews ,Commencement ,Views on Abortion/Contraception ,No ,From the Right ,view 
2003,Saint Louis University ,Donald J. Carty ,Commencement ,"Criminal/Other Misconduct, Other ",Yes ,N/A ,view 
2003,"Washington College (Chestertown, MD) ",Scott Ritter ,Campus Speech/Debate ,"Other Political Views or Positions, Criminal/Other Misconduct ",No ,From the Right ,view 
2003,Rutgers University ,Natan Sharansky ,Campus Speech/Debate ,Views on Israeli-Palestinian Conflict ,No ,From the Left ,view 
2003,St. Joseph's University ,Rick Santorum ,Commencement ,Views on Sexual Orientation ,No ,From the Left ,view 
2003,"University of California, Berkeley ",Ward Connerly ,Campus Speech/Debate ,Racial Issues ,No ,From the Left ,view 
2003,Rockford College ,Chris Hedges ,Commencement ,Other Political Views or Positions ,Yes ,From the Right ,view 
2003,Michigan State University ,Dan Flynn ,Campus Speech/Debate ,Other Political Views or Positions ,Yes ,From the Left ,view 
2002,Middlebury College ,Ari Fleischer ,Campus Speech/Debate ,Other Political Views or Positions ,No ,From the Left ,view 
2002,"University of California, Berkeley ",Jonny Moseley ,Commencement ,Other ,No ,From the Right ,view 
2002,Ohio State University ,George W. Bush ,Commencement ,Other Political Views or Positions ,No ,From the Left ,view 
2002,James Madison University ,Doris Kearns Goodwin ,Commencement ,Criminal/Other Misconduct ,Yes ,N/A ,view 
2002,Syracuse University ,Rudolph Giuliani ,Commencement ,Racial Issues ,No ,From the Left ,view 
2002,Harvard University ,Tom Paulin ,Campus Speech/Debate ,"Views on Israeli-Palestinian Conflict, Other Political Views or Positions ",Yes ,From the Right ,view 
2002,"University of California, Los Angeles ",Laura Bush ,Commencement ,"Other Political Views or Positions, Other ",Yes ,From the Left ,view 
2002,"California State University, Sacramento ",Janis Besler Heaphy ,Commencement ,"Other Political Views or Positions, Civil Liberties ",Yes ,From the Right ,view 
2002,University of Delaware ,Doris Kearns Goodwin ,Commencement ,Criminal/Other Misconduct ,Yes ,N/A ,view 
2002,College of the Holy Cross ,Frances Kissling ,Campus Speech/Debate ,"Views on Abortion/Contraception, Views on Gender ",Yes ,From the Right ,view 
2002,Stanford Law School ,Lynne Stewart ,Teaching ,"Other Political Views or Positions, Other ",Yes ,From the Right ,view 
2002,Harvard University ,Zayed Yasin ,Commencement ,"Views on Islam, Views on Israeli-Palestinian Conflict ",No ,From the Right ,view 
2002,Stanford University ,Condoleezza Rice ,Commencement ,Other Political Views or Positions ,No ,From the Left ,view 
2001,Cornell University ,Ann Coulter ,Commencement ,"Racial Issues, Other Political Views or Positions ",No ,From the Left ,view 
2001,Seton Hall University ,Dolores Cross ,Commencement ,Views on Abortion/Contraception ,No ,From the Right ,view 
2001,Yale University ,George W. Bush ,Commencement ,Other Political Views or Positions ,No ,From the Left ,view 
2001,Stanford University ,Carly Fiorina ,Commencement ,"Other Political Views or Positions, Other ",No ,From the Right ,view 
2000,Old Dominion University ,Fred Rogers ,Commencement ,Other ,No ,N/A ,view 
2000,Marist College ,Bob Kerrey ,Commencement ,Views on Abortion/Contraception ,No ,From the Right ,view 
2000,"University of California, Berkeley ",Madeline Albright ,Commencement ,"Other Political Views or Positions, Criminal/Other Misconduct ",No ,From the Left ,view 
2000,George Washington University ,Madeline Albright ,Commencement ,"Other Political Views or Positions, Criminal/Other Misconduct ",No ,From the Right ,view 
2000,Antioch College ,Mumia Abu-Jamal ,Commencement ,Criminal/Other Misconduct ,No ,From the Right ,view 
2000,"University of Texas, Austin ",Henry Kissinger ,Campus Speech/Debate ,"Other Political Views or Positions, Criminal/Other Misconduct, Other ",Yes ,From the Left ,view 
