color,director_name,num_critic_for_reviews,duration,director_facebook_likes,actor_3_facebook_likes,actor_2_name,actor_1_facebook_likes,gross,genres,actor_1_name,movie_title,num_voted_users,cast_total_facebook_likes,actor_3_name,facenumber_in_poster,plot_keywords,movie_imdb_link,num_user_for_reviews,language,country,content_rating,budget,title_year,actor_2_facebook_likes,imdb_score,aspect_ratio,movie_facebook_likes
Color,Martin Scorsese,112,112,17000,354,David Carradine,22000,32645,Crime|Drama|Romance|Thriller,Robert De Niro,Mean Streets,67797,23737,David Proval,0,bar|catholic guilt|epilepsy|italian american|money,http://www.imdb.com/title/tt0070379/?ref_=fn_tt_tt_1,223,English,USA,R,5e5,1973,926,7.4,1.85,0
 Black and White,Alfred Hitchcock,290,108,13000,285,Vera Miles,606,32000000,Horror|Mystery|Thriller,Janet Leigh,Psycho,422432,1885,John Gavin,2,money|motel|rain|shower|theft,http://www.imdb.com/title/tt0054215/?ref_=fn_tt_tt_1,1040,English,USA,R,806947.0,1960,332,8.5,1.85,18000
Color,Jane Clark,NA,7,23,51,Traci Dinwiddie,344,NA,Romance|Short,Necar Zadegan,The Touch,118,726,Elea Oberon,0,lesbian|paris france|period piece|poem|poetess,http://www.imdb.com/title/tt1128219/?ref_=fn_tt_tt_1,NA,English,USA,,13e3,2007,281,5.2,1.85,30
Color,John Carpenter,318,101,0,598,Donald Pleasence,2000,47000000,Horror|Thriller,Jamie Lee Curtis,Halloween,157857,4400,P.J. Soles,0,halloween|masked killer|michael myers|slasher|trick or treat,http://www.imdb.com/title/tt0077651/?ref_=fn_tt_tt_1,1191,English,USA,R,3e5,1978,742,7.9,2.35,12000
Color,John Carpenter,318,101,0,598,Donald Pleasence,2000,47000000,Horror|Thriller,Jamie Lee Curtis,Halloween,157857,4400,P.J. Soles,0,halloween|masked killer|michael myers|slasher|trick or treat,http://www.imdb.com/title/tt0077651/?ref_=fn_tt_tt_1,1191,English,USA,R,3e5,1978,742,7.9,2.35,12000
Color,Tobe Hooper,277,88,365,177,Edwin Neal,383,30859000,Horror|Thriller,Gunnar Hansen,The Texas Chain Saw Massacre,96410,1094,Marilyn Burns,0,cannibal|chainsaw|hitchhiker|independent film|leatherface,http://www.imdb.com/title/tt0072271/?ref_=fn_tt_tt_1,826,English,USA,R,83532.0,1974,371,7.5,1.85,0
Color,Sharron Miller,8,79,0,23,Elizabeth MacRae,246,NA,Horror,Bernard Fox,Alien Zone,440,345,Charles Aidman,0,affair|child murderer|mortician|strangulation|supernatural power,http://www.imdb.com/title/tt0072626/?ref_=fn_tt_tt_1,21,English,USA,PG,35e4,1978,29,4.1,NA,44
 Black and White,Frank Borzage,42,79,57,99,Helen Hayes,998,NA,Drama|Romance|War,Gary Cooper,A Farewell to Arms,3519,1284,Adolphe Menjou,1,1910s|ambulance driver|italy|lake|nurse,http://www.imdb.com/title/tt0022879/?ref_=fn_tt_tt_1,46,English,USA,Unrated,8e5,1932,164,6.6,1.37,213
Color,Billy Bob Thornton,104,148,0,263,Dwight Yoakam,3000,24475416,Drama,Robert Duvall,Sling Blade,72443,3967,J.T. Walsh,0,friend|mental institution|murder|repair shop|small town,http://www.imdb.com/title/tt0117666/?ref_=fn_tt_tt_1,309,English,USA,R,89e4,1996,324,8.0,1.85,0
 Black and White,George A. Romero,284,96,0,56,Duane Jones,125,NA,Drama|Horror|Mystery,Judith O'Dea,Night of the Living Dead,87978,403,S. William Hinzman,5,cemetery|farmhouse|radiation|running out of gas|zombie,http://www.imdb.com/title/tt0063350/?ref_=fn_tt_tt_1,580,English,USA,Unrated,114e3,1968,108,8.0,1.85,0
Color,Jim Mickle,215,98,53,65,Michael Cerveris,530,18469,Drama|Horror|Sci-Fi,Connor Paolo,Stake Land,34263,1038,Nick Damici,1,canada|post apocalypse|road movie|vampire|vampire hunter,http://www.imdb.com/title/tt1464580/?ref_=fn_tt_tt_1,141,English,USA,R,65e4,2010,238,6.5,2.35,0
Color,Youssef Delara,17,88,8,471,David Bianchi,2000,NA,Thriller,Noel Gugliemi,Enter the Dangerous Mind,704,4469,Jason Priestley,0,dubstep|tied feet,http://www.imdb.com/title/tt2229377/?ref_=fn_tt_tt_1,9,English,USA,,8e5,2013,715,5.2,2.35,406
Color,Randall Miller,1,34,19,362,Elden Henson,882,333658,Comedy|Family|Musical|Romance|Short,William Hurt,Marilyn Hotchkiss' Ballroom Dancing and Charm School,97,1967,Michael Bower,0,student film|wonder years,http://www.imdb.com/title/tt0283465/?ref_=fn_tt_tt_1,2,English,USA,,34e3,1990,577,7.1,NA,16
Color,Lucky McKee,114,93,75,446,Will Estes,701,145540,Drama|Horror,James Duval,May,26773,2489,Nora Zehetner,1,case|doll|dry humor|friend|love,http://www.imdb.com/title/tt0303361/?ref_=fn_tt_tt_1,277,English,USA,R,5e5,2002,461,6.7,1.85,0
Color,Youssef Delara,16,80,8,183,Jenni Rivera,2000,2833383,Drama|Music,Noel Gugliemi,Filly Brown,910,2459,Jorge Diaz,1,,http://www.imdb.com/title/tt1869425/?ref_=fn_tt_tt_1,11,English,USA,R,427e3,2012,245,5.7,2.35,0
Color,Michael Curtiz,242,82,345,269,Claude Rains,2000,NA,Drama|Romance|War,Humphrey Bogart,Casablanca,387508,3442,Conrad Veidt,4,american expatriate|casablanca morocco|gestapo|police|visa,http://www.imdb.com/title/tt0034583/?ref_=fn_tt_tt_1,1123,English,USA,PG,95e4,1942,607,8.6,1.37,23000
Color,John G. Avildsen,141,145,80,794,Burgess Meredith,13000,117235247,Drama|Sport,Sylvester Stallone,Rocky,375240,16094,Carl Weathers,0,boxer|hometown hero|philadelphia pennsylvania|protective male|training,http://www.imdb.com/title/tt0075148/?ref_=fn_tt_tt_1,542,English,USA,PG,96e4,1976,1000,8.1,1.33,0
Color,Russ Meyer,101,109,199,44,Cynthia Myers,503,9000000,Comedy|Drama|Music,Charles Napier,Beyond the Valley of the Dolls,7584,731,Harrison Page,8,band|drugs|friendship|hollywood|satire,http://www.imdb.com/title/tt0065466/?ref_=fn_tt_tt_1,137,English,USA,X,9e5,1970,46,6.2,2.35,0
Color,Ti West,238,95,243,725,Greta Gerwig,969,100659,Horror,Lena Dunham,The House of the Devil,30160,3833,Dee Wallace,0,cult film|eclipse|haunted house|lunar eclipse|secret,http://www.imdb.com/title/tt1172994/?ref_=fn_tt_tt_1,193,English,USA,R,9e5,2009,962,6.4,1.85,0
Color,Nick Tomnay,112,93,11,271,Clayne Crawford,443,48430,Comedy|Crime|Thriller,David Hyde Pierce,The Perfect Host,20176,1452,Nathaniel Parker,1,arm tattoo|bank robbery|cauterizing a wound|dancing on a table|dinner party,http://www.imdb.com/title/tt1334553/?ref_=fn_tt_tt_1,73,English,USA,R,5e5,2010,298,6.8,1.85,0
Color,Kevin Hamedani,64,89,23,23,Janette Armand,199,NA,Comedy|Horror|Sci-Fi,Russell Hodgkinson,ZMD: Zombies of Mass Destruction,3650,292,Kevin Hamedani,0,cult|homosexual|island|survival horror|zombie,http://www.imdb.com/title/tt1134674/?ref_=fn_tt_tt_1,39,English,USA,R,5e5,2009,37,5.1,1.85,0
Color,Allison Burnett,8,100,12,354,Gia Mantegna,529,NA,Drama,Kimberly Williams-Paisley,Ask Me Anything,7870,2468,Cathryn de Prume,1,bare breasts|female protagonist,http://www.imdb.com/title/tt2505294/?ref_=fn_tt_tt_1,64,English,USA,Not Rated,95e4,2014,413,6.0,NA,884
Color,Richard Schenkman,6,90,29,558,Mike Colter,1000,NA,Comedy|Romance,Vanessa Williams,And Then Came Love,443,2504,Eartha Kitt,1,facebook|imdb|mediaatlarge.com|mediaatlargellc|sperm donor,http://www.imdb.com/title/tt0825346/?ref_=fn_tt_tt_1,4,English,USA,,989e3,2007,569,4.8,NA,42
Color,Sanjay Rawal,9,83,0,17,Robert Kennedy Jr.,56,NA,Documentary|News,Alma Martinez,Food Chains,265,104,Eve Ensler,0,two word title,http://www.imdb.com/title/tt2141739/?ref_=fn_tt_tt_1,3,English,USA,,913e3,2014,28,7.1,NA,489
 Black and White,Elia Kazan,134,108,603,279,Karl Malden,10000,9600000,Crime|Drama|Romance,Marlon Brando,On the Waterfront,100890,11094,Rod Steiger,2,death|dock|longshoreman|murder|union,http://www.imdb.com/title/tt0047296/?ref_=fn_tt_tt_1,281,English,USA,Not Rated,91e4,1954,416,8.2,1.85,0
Color,Kat Coiro,18,100,28,501,Geoff Stults,945,20186,Comedy,Justin Kirk,L!fe Happens,6025,2924,Kristen Johnston,8,friendship|los angeles california|one night stand|roommate|single mother,http://www.imdb.com/title/tt1726589/?ref_=fn_tt_tt_1,15,English,USA,R,93e4,2011,756,5.7,2.35,995
Color,David Slade,231,104,171,0,G.J. Echternkamp,109,1007962,Crime|Drama|Thriller,Odessa Rae,Hard Candy,131969,117,Patrick Wilson,0,chatting|missing person poster|online dating|photographer|sexual predator,http://www.imdb.com/title/tt0424136/?ref_=fn_tt_tt_1,651,English,USA,R,95e4,2005,8,7.1,2.35,12000
Color,Jamie Babbit,65,91,91,659,David Gallagher,982,381186,Drama|Thriller,Katy Mixon,The Quiet,13485,3299,Edie Falco,0,deaf|death|dysfunctional family|godparent|secret,http://www.imdb.com/title/tt0414951/?ref_=fn_tt_tt_1,90,English,USA,R,9e5,2005,796,6.4,2.35,698
Color,Ryan Coogler,327,85,0,88,Melonie Diaz,282,16097842,Biography|Drama|Romance,Ahna O'Reilly,Fruitvale Station,53919,687,Ariana Neal,0,22 year old|b.a.r.t.|bay area|birthday|police,http://www.imdb.com/title/tt2334649/?ref_=fn_tt_tt_1,168,English,USA,R,9e5,2013,270,7.5,1.85,17000
Color,Ramaa Mosley,62,101,6,727,Michael Angarano,975,6643,Comedy|Fantasy|Thriller,Jack McBrayer,The Brass Teapot,11965,4184,Alia Shawkat,2,mini dress|mini skirt|money|voyeur|voyeurism,http://www.imdb.com/title/tt1935902/?ref_=fn_tt_tt_1,39,English,USA,R,9e5,2012,947,6.4,2.35,0
Color,Charles Herman-Wurmfeld,73,88,0,102,Rian Bishop,465,442638,Comedy|Romance|Sport,John Enos III,The Hammer,5489,897,Adam Carolla,1,birthday|boxing|coach|gym|olympics,http://www.imdb.com/title/tt0814130/?ref_=fn_tt_tt_1,23,English,USA,R,85e4,2007,140,7.3,NA,337
Color,C. Jay Cox,35,107,6,522,Rob McElhenney,23000,819939,Comedy|Drama|Romance,Joseph Gordon-Levitt,Latter Days,14580,26017,Jacqueline Bisset,2,christian|male frontal nudity|mormon|mormon missionary|nudity,http://www.imdb.com/title/tt0345551/?ref_=fn_tt_tt_1,252,English,USA,R,85e4,2003,813,7.2,1.85,0
Color,Jamie Travis,115,88,15,567,Ari Graynor,938,1243961,Comedy,James Wolk,"For a Good Time, Call...",13421,3770,Nia Vardalos,0,friend|friendship|gay|phone sex|sex,http://www.imdb.com/title/tt1996264/?ref_=fn_tt_tt_1,34,English,USA,R,85e4,2012,904,6.0,2.35,0
Color,Rich Christiano,16,95,14,221,D. David Morin,284,15278,Drama|Fantasy|Sci-Fi,Gavin MacLeod,Time Changer,1742,1185,Hal Linden,1,bible|christian propaganda|christianity|time machine|zealot,http://www.imdb.com/title/tt0295725/?ref_=fn_tt_tt_1,158,English,USA,PG,825e3,2002,234,5.6,1.85,409
Color,Nick Love,16,86,63,175,Christopher Berry,489,NA,Action|Comedy|Drama|Sci-Fi,Eddie Griffin,American Hero,2706,1278,Michelle Tabora,2,father son relationship|female nudity|mother daughter relationship|reconciliation|superhero,http://www.imdb.com/title/tt4733536/?ref_=fn_tt_tt_1,23,English,USA,,99e4,2015,207,4.9,NA,549
Color,Natalie Bible',7,90,8,487,Samaire Armstrong,1000,NA,Mystery|Thriller,Tommy O'Reilly,Windsor Drive,169,3336,Matt Cohen,1,,http://www.imdb.com/title/tt2311428/?ref_=fn_tt_tt_1,6,English,USA,,1e5,2015,806,3.2,NA,312
Color,Todd Solondz,74,88,377,236,Ken Leung,529,4771000,Comedy|Drama,Heather Matarazzo,Welcome to the Dollhouse,26513,1502,Christina Vidal,1,bully|first crush|school|social outcast|taunting,http://www.imdb.com/title/tt0114906/?ref_=fn_tt_tt_1,174,English,USA,R,8e5,1995,502,7.5,1.85,0
Color,Victor Nunez,11,114,9,86,Todd Field,159,1001437,Drama|Romance,Allison Dean,Ruby in Paradise,2039,423,Dorothy Lyman,1,desire|florida|identity|resort town|sales,http://www.imdb.com/title/tt0108000/?ref_=fn_tt_tt_1,28,English,USA,R,8e5,1993,143,7.2,1.85,81
Color,Daniel Davila,5,95,0,167,Melora Walters,940,NA,Drama,Martin Landau,Harrison Montgomery,59,1484,Diane Baker,2,abusive relationship|character name in title|magic|san francisco california|tenderloin san francisco,http://www.imdb.com/title/tt0870118/?ref_=fn_tt_tt_1,1,English,USA,,85e4,2008,188,7.4,1.78,18
Color,Michael Burke,17,94,3,181,Tom Guiry,262,NA,Crime|Drama|Romance,Zachary Knighton,The Mudge Boy,3480,991,Ryan Donowho,1,death|farm|fur coat|grief|misfit,http://www.imdb.com/title/tt0339419/?ref_=fn_tt_tt_1,30,English,USA,R,8e5,2003,262,7.2,NA,396
Color,Shane Dawson,6,93,247,152,Kurt Angle,247,35688,Comedy,Shane Dawson,Not Cool,4167,954,Cherami Leigh,4,,http://www.imdb.com/title/tt3569356/?ref_=fn_tt_tt_1,72,English,USA,Not Rated,6e5,2014,217,5.1,NA,0
Color,Ryan Little,33,90,38,69,Larry Bagby,214,1310270,Action|Adventure|Drama|War,Corbin Allred,Saints and Soldiers,17725,587,Kirby Heyborne,0,ardennes forest|battle of the bulge|behind enemy lines|winter|world war two in belgium,http://www.imdb.com/title/tt0373283/?ref_=fn_tt_tt_1,157,English,USA,PG-13,78e4,2003,115,6.8,NA,1000
Color,George Lucas,100,112,0,425,Ron Howard,11000,115000000,Comedy|Drama|Music,Harrison Ford,American Graffiti,63839,14954,Mackenzie Phillips,1,california|car|drag racing|high school|rock 'n' roll,http://www.imdb.com/title/tt0069704/?ref_=fn_tt_tt_1,238,English,USA,PG,777e3,1973,2000,7.5,2.35,0
Color,Robert Greenwald,21,75,21,0,Katy Helvenston-Wettengal,25,NA,Documentary|War,Scott Helvenston,Iraq for Sale: The War Profiteers,1477,25,Donna Zovko,0,american politics|armed forces|political corruption|shady|war profiteer,http://www.imdb.com/title/tt0815181/?ref_=fn_tt_tt_1,24,English,USA,,75e4,2006,0,7.7,1.78,274
Color,Matt Maiellaro,82,86,8,357,Fred Armisen,2000,5518918,Action|Adventure|Animation|Comedy|Fantasy|Sci-Fi,Tina Fey,Aqua Teen Hunger Force Colon Movie Film for Theaters,12160,3071,Chris Kattan,0,based on cult tv series|critically acclaimed|exercise machine|midnight movie|robot,http://www.imdb.com/title/tt0455326/?ref_=fn_tt_tt_1,73,English,USA,R,75e4,2007,424,6.9,1.85,307
Color,Colin Trevorrow,271,86,365,522,Mark Duplass,934,4007792,Comedy|Drama|Romance,Mary Lynn Rajskub,Safety Not Guaranteed,101287,2714,Jeff Garlin,0,classified ad|intern|magazine|time machine|time travel,http://www.imdb.com/title/tt1862079/?ref_=fn_tt_tt_1,260,English,USA,R,75e4,2012,830,7.0,2.35,31000
Color,Ti West,292,101,243,74,Jake Ryan,969,77501,Horror,Lena Dunham,The Innkeepers,27260,1252,Pat Healy,0,bathtub|dead body in a bathtub|dead body in bathtub|hotel|inn,http://www.imdb.com/title/tt1594562/?ref_=fn_tt_tt_1,247,English,USA,R,75e4,2011,128,5.5,2.35,0
Color,Neil Burger,31,88,168,21,Christel Khalil,108,47329,Drama,Raymond J. Barry,Interview with the Assassin,1661,243,Renee Faia,0,conspiracy theory|kennedy assassination|mock documentary|paranoia,http://www.imdb.com/title/tt0308411/?ref_=fn_tt_tt_1,31,English,USA,R,75e4,2002,72,6.6,1.78,163
Color,Jonathan Levine,233,90,129,280,Michael Welch,935,NA,Horror,Luke Grimes,All the Boys Love Mandy Lane,25951,2170,Whitney Able,1,drugs|female nudity|party|voyeur|voyeurism,http://www.imdb.com/title/tt0490076/?ref_=fn_tt_tt_1,129,English,USA,R,75e4,2006,611,5.6,2.35,2000
Color,Christopher Hutson,8,95,3,118,Jennifer Lee Wiggins,717,NA,Horror,Dichen Lachman,Bled,851,1117,Michele Morrow,0,artist|blood|drug|tree sap|vampire,http://www.imdb.com/title/tt0997143/?ref_=fn_tt_tt_1,30,English,USA,R,75e4,2009,134,3.1,1.85,128
 Black and White,Fred Zinnemann,153,85,160,433,Lloyd Bridges,998,NA,Thriller|Western,Gary Cooper,High Noon,80193,2496,Lon Chaney Jr.,0,appeasement|frontier justice|justice|one against many|street shootout,http://www.imdb.com/title/tt0044706/?ref_=fn_tt_tt_1,333,English,USA,PG,75e4,1952,575,8.1,1.37,3000
Color,Steve James,53,170,23,2,Arthur Agee,7,7830611,Documentary|Drama|Sport,William Gates,Hoop Dreams,18980,15,Isiah Thomas,0,athlete|basketball|high school|high school student|school,http://www.imdb.com/title/tt0110057/?ref_=fn_tt_tt_1,74,English,USA,PG-13,7e5,1994,6,8.3,1.33,0
Color,Michael Cuesta,64,97,52,36,Bruce Altman,80,1141829,Crime|Drama,Adam LeFevre,L.I.E.,8509,209,Walter Masterson,1,ephebophile|pederasty|pedophilia|playing hooky|shaving,http://www.imdb.com/title/tt0242587/?ref_=fn_tt_tt_1,109,English,USA,NC-17,7e5,2001,67,7.2,1.85,420
Color,Ryan Fleck,208,106,31,71,Tristan Mack Wilds,33000,2694973,Drama,Ryan Gosling,Half Nelson,70885,33734,Jeff Lima,2,bathroom|classroom|dialectics|drugs|student,http://www.imdb.com/title/tt0468489/?ref_=fn_tt_tt_1,189,English,USA,R,7e5,2006,519,7.2,1.85,0
Color,Jennifer Wynne Farmer,2,107,0,236,Akima,752,10508,Drama,Irene Bedard,Naturally Native,103,1763,Max Gail,4,cosmetics|female protagonist|native american|native american protagonist|sister sister relationship,http://www.imdb.com/title/tt0133117/?ref_=fn_tt_tt_1,6,English,USA,PG-13,7e5,1998,282,6.5,NA,102
Color,Christopher Scott Cherot,25,84,21,48,Robinne Lee,465,2301777,Comedy,Hill Harper,Hav Plenty,819,714,Chenoa Maxwell,2,friend|new year's eve|screwball|self discovery|social differences,http://www.imdb.com/title/tt0126938/?ref_=fn_tt_tt_1,36,English,USA,R,65e4,1997,170,6.5,NA,161
Color,H.M. Coakley,8,91,0,137,Steffinnie Phrommany,696,NA,Crime|Drama|Thriller,Mehcad Brooks,Adulterers,514,1210,Danielle Savre,3,cheating husband|female nudity|male nudity|male rear nudity|revenge,http://www.imdb.com/title/tt4044464/?ref_=fn_tt_tt_1,1,English,USA,,75e4,2015,320,4.9,2.35,158
Color,Bill Benenson,1,71,0,21,Dave Fennoy,1000,NA,Documentary,Alfre Woodard,The Hadza: Last of the First,5,1359,Jane Goodall,1,east africa|hunter gatherer|indigenous|rift valley|swahili,http://www.imdb.com/title/tt2139721/?ref_=fn_tt_tt_1,1,English,USA,,65e4,2014,338,7.4,NA,5
Color,Ryan Smith,34,90,4,258,Madison Lintz,523,NA,Fantasy|Horror|Mystery|Thriller,Sandra Ellis Lafferty,After,3699,1553,Karolina Wydra,0,coma|crash,http://www.imdb.com/title/tt1799508/?ref_=fn_tt_tt_1,27,English,USA,PG-13,65e4,2012,385,5.4,2.35,1000
Color,Travis Romero,5,67,4,2000,Lorraine Ziff,260000,NA,Drama|Thriller,Matthew Ziff,Treachery,344,283939,Michael Biehn,5,panties|white panties,http://www.imdb.com/title/tt2380301/?ref_=fn_tt_tt_1,5,English,USA,,625e3,2013,21000,3.9,NA,0
Color,Anna Mastro,10,94,7,912,Justin Kirk,956,NA,Comedy|Drama,Leven Rambin,Walter,1432,4767,Virginia Madsen,2,based on short film|based on short story,http://www.imdb.com/title/tt2016335/?ref_=fn_tt_tt_1,19,English,USA,,7e5,2015,945,5.3,NA,0
 Black and White,Mark Sandrich,66,81,10,23,Edward Everett Horton,610,3000000,Comedy|Musical|Romance,Ginger Rogers,Top Hat,13269,824,Eric Blore,2,dance|dancer|dancing|horse|tap dancing,http://www.imdb.com/title/tt0027125/?ref_=fn_tt_tt_1,98,English,USA,Approved,609e3,1935,172,7.8,1.37,1000
 Black and White,Daniel Myrick,360,81,19,39,Joshua Leonard,170,140530114,Horror,Heather Donahue,The Blair Witch Project,186786,399,Michael C. Williams,0,found footage|looking at the camera|lost in the woods|maryland|screaming in horror,http://www.imdb.com/title/tt0185937/?ref_=fn_tt_tt_1,3400,English,USA,R,6e4,1999,170,6.4,1.33,0
Color,Michael Wadleigh,53,215,14,136,Jimi Hendrix,262,13300000,Documentary|History|Music,Joe Cocker,Woodstock,12631,778,Joan Baez,0,drugs|hippie|music festival|the who|woodstock,http://www.imdb.com/title/tt0066580/?ref_=fn_tt_tt_1,63,English,USA,R,6e5,1970,227,8.1,2.2,0
Color,John Landis,82,83,644,11,Barry Dennen,119,NA,Comedy,David Zucker,The Kentucky Fried Movie,13915,190,Tara Strohmeier,0,fake commercial|fake newscast|fake trailer|parody|spoof,http://www.imdb.com/title/tt0076257/?ref_=fn_tt_tt_1,109,English,USA,R,65e4,1977,29,6.5,1.85,0
Color,Jon Gunn,15,106,16,254,David A.R. White,602,171988,Action|Crime|Drama,Stacy Keach,Mercy Streets,448,1281,Cynthia Watros,1,church|cigarette smoking|deacon|twin brother|twins,http://www.imdb.com/title/tt0243415/?ref_=fn_tt_tt_1,16,English,USA,PG-13,6e5,2000,266,5.6,1.85,12
Color,Gene Teigland,NA,103,0,20,Matthew Feeney,23,23616,Mystery|Thriller,Kendyl Joi,Arnolds Park,94,85,Tac Fitzgerald,4,,http://www.imdb.com/title/tt1074931/?ref_=fn_tt_tt_1,4,English,USA,PG-13,6e5,2007,20,5.6,1.78,11
Color,Scott Ziehl,18,90,4,218,Jason London,919,13493,Drama,William Smith,Broken Vessels,531,2288,Brent David Fraser,0,independent film|katana sword|los angeles storm drain,http://www.imdb.com/title/tt0149964/?ref_=fn_tt_tt_1,19,English,USA,R,6e5,1998,711,6.6,1.85,51
Color,William Gazecki,15,115,3,0,Colin Andrews,0,NA,Documentary,Karen Alexander,Crop Circles: Quest for Truth,204,0,Francine Blake,0,crop circle|intelligence|paranormal|phenomenon|universe,http://www.imdb.com/title/tt0331225/?ref_=fn_tt_tt_1,13,English,USA,,75e4,2002,0,7.0,NA,32
Color,Lance McDaniel,NA,90,0,271,Steven Michael Quezada,595,NA,Action|Drama|Thriller,Russell Wong,Light from the Darkroom,6,1754,Lymari Nadal,0,china|faith|panama|photography|suspense,http://www.imdb.com/title/tt3130704/?ref_=fn_tt_tt_1,1,English,USA,PG-13,6e5,2014,412,8.0,NA,9
Color,Michael Walker,8,98,5,233,Annabella Sciorra,587,NA,Thriller,Paula GarcÃ©s,The Maid's Room,719,1707,John Brodsky,0,,http://www.imdb.com/title/tt2263814/?ref_=fn_tt_tt_1,9,English,USA,,6e5,2013,448,4.5,NA,128
Color,U. Roberto Romano,3,80,6,NA,,NA,2245,Documentary,,The Harvest/La Cosecha,57,0,,0,child labor|education|hispanic|labor|migration,http://www.imdb.com/title/tt1981703/?ref_=fn_tt_tt_1,2,English,USA,,56e4,2011,NA,7.2,NA,88
Color,Amy Holden Jones,4,88,11,221,Sally Kirkland,2000,NA,Drama|Romance,Jamie Lee Curtis,Love Letters,487,2996,Amy Madigan,1,1980s|affair|female protagonist|radio|woman wearing only a man's shirt,http://www.imdb.com/title/tt0085871/?ref_=fn_tt_tt_1,9,English,USA,R,55e4,1983,433,6.1,NA,7
Color,Alex Kendrick,50,122,589,150,Ken Bevel,848,33451479,Drama|Romance,Kirk Cameron,Fireproof,17068,1164,Erin Bethea,0,christian film|dare|firefighter|internet pornography|marriage,http://www.imdb.com/title/tt1129423/?ref_=fn_tt_tt_1,215,English,USA,PG,5e5,2008,153,6.5,1.85,0
Color,Joe Camp,5,86,24,142,Peter Breck,407,39552600,Adventure|Family|Romance,Frances Bavier,Benji,3411,1090,Edgar Buchanan,0,animal abuse|cat|dog|dog movie|tween girl,http://www.imdb.com/title/tt0071206/?ref_=fn_tt_tt_1,36,English,USA,G,5e5,1974,189,6.1,1.85,816
Color,Chris Kentis,235,79,9,7,Saul Stein,48,30500882,Adventure|Biography|Drama|Horror|Thriller,Blanchard Ryan,Open Water,42256,67,Daniel Travis,1,bare chested male|female full frontal nudity|hairy chest|male full frontal nudity|nude with glasses,http://www.imdb.com/title/tt0374102/?ref_=fn_tt_tt_1,916,English,USA,R,5e5,2003,10,5.7,1.85,0
Color,John 'Bud' Cardos,95,97,8,22,Hoke Howell,423,17000000,Horror|Sci-Fi,Woody Strode,Kingdom of the Spiders,3274,516,Tiffany Bolling,0,death|farm|hotel|spider|tarantula,http://www.imdb.com/title/tt0076271/?ref_=fn_tt_tt_1,84,English,USA,PG,5e5,1977,23,5.9,1.85,0
Color,Tom McCarthy,154,89,310,587,Joe Lo Truglio,22000,5739376,Comedy|Drama,Peter Dinklage,The Station Agent,58260,24419,Paula GarcÃ©s,0,abandoned|depot|dwarf|newfoundland new jersey|train,http://www.imdb.com/title/tt0340377/?ref_=fn_tt_tt_1,286,English,USA,R,5e5,2003,833,7.7,1.85,0
Color,Barry W. Blaustein,70,108,6,43,Vince McMahon,54,2047570,Biography|Documentary|Sport,Terry Funk,Beyond the Mat,6790,194,Mick Foley,3,championship|drugs|three word title|wrestler|wrestling,http://www.imdb.com/title/tt0218043/?ref_=fn_tt_tt_1,80,English,USA,R,5e5,1999,44,7.6,1.85,491
Color,Kurt Hale,5,102,0,15,Lincoln Hoppe,69,1250798,Comedy|Drama|Romance,Kirby Heyborne,The Singles Ward,1099,161,Daryn Tufts,0,church|love|marriage|mormon|single,http://www.imdb.com/title/tt0306069/?ref_=fn_tt_tt_1,53,English,USA,PG,5e5,2002,24,6.4,NA,43
Color,Joseph Dorman,29,93,0,59,Peter Riegert,399,906666,Documentary,Rachel Dratch,Sholem Aleichem: Laughing in the Darkness,154,660,Jason Kravits,1,jewish identity,http://www.imdb.com/title/tt1976608/?ref_=fn_tt_tt_1,5,English,USA,Unrated,5e5,2011,169,6.8,16.0,287
Color,Greg Harrison,46,86,7,17,Ari Gold,328,1114943,Drama|Music,Rachel True,Groove,3562,407,Denny Kirkwood,0,dj|ecstasy the drug|rave|raver|warehouse,http://www.imdb.com/title/tt0212974/?ref_=fn_tt_tt_1,74,English,USA,R,5e5,2000,27,6.5,1.85,0
Color,Kurt Hale,3,101,0,17,Big Budah,69,1111615,Comedy|Crime|Family,Kirby Heyborne,The R.M.,651,155,Curt Doussett,0,latter day saints|missionary|pickup truck|police|video camera,http://www.imdb.com/title/tt0341540/?ref_=fn_tt_tt_1,34,English,USA,PG,5e5,2003,34,6.0,NA,44
Color,Michael Polish,54,111,35,482,William Katt,980,985341,Drama,Sasha Alexander,Twin Falls Idaho,3479,3166,Jon Gries,0,conjoined twins|independent film|low budget film|separation|twin,http://www.imdb.com/title/tt0162830/?ref_=fn_tt_tt_1,87,English,USA,R,5e5,1999,505,7.3,1.85,180
Color,Jacob Aaron Estes,126,90,9,595,Scott Mechlowicz,710,603943,Crime|Drama,Rory Culkin,Mean Creek,26407,2655,Trevor Morgan,0,boat|bully|dare|friend|river,http://www.imdb.com/title/tt0377091/?ref_=fn_tt_tt_1,154,English,USA,R,5e5,2004,634,7.3,1.85,1000
 Black and White,Morgan J. Freeman,17,86,204,474,Heather Matarazzo,659,334041,Crime|Drama|Romance,Edie Falco,Hurricane Streets,1038,2322,Lynn Cohen,3,gang|new mexico|prison|smuggling|theft,http://www.imdb.com/title/tt0119338/?ref_=fn_tt_tt_1,21,English,USA,R,5e5,1997,529,6.5,1.85,51
Color,Eric Schaeffer,25,98,71,658,Bill Duke,22000,295468,Comedy|Romance,Peter Dinklage,Never Again,709,24382,Michael McKean,1,bar|gay bar|love|mother son relationship|new york,http://www.imdb.com/title/tt0244094/?ref_=fn_tt_tt_1,34,English,USA,R,5e5,2001,1000,6.0,1.85,139
Color,Neema Barnette,11,91,21,469,LisaRaye McCoy,597,243347,Crime|Drama|Thriller,Monica Calhoun,Civil Brand,553,2555,Clifton Powell,3,abuse of power|friendship|prison|prison guard|title directed by female,http://www.imdb.com/title/tt0326806/?ref_=fn_tt_tt_1,24,English,USA,R,5e5,2002,485,5.3,1.85,86
Color,Steve Buscemi,81,91,12000,213,Seymour Cassel,778,154077,Comedy|Drama,Kevin Corrigan,Lonesome Jim,6884,1440,Mary Kay Place,0,bail|coma|dart board|indiana|ladder factory,http://www.imdb.com/title/tt0385056/?ref_=fn_tt_tt_1,53,English,USA,R,5e5,2005,327,6.6,1.85,238
Color,Molly Bernstein,39,88,0,49,Ricky Jay,342,151389,Documentary,David Mamet,Deceptive Practice: The Mysteries and Mentors of Ricky Jay,774,483,Dick Cavett,0,stage magician,http://www.imdb.com/title/tt2654360/?ref_=fn_tt_tt_1,7,English,USA,,5e5,2012,79,7.1,NA,590
Color,Marius A. Markevicius,26,89,6,8,Greg Speirs,14,133778,Documentary|Sport,Tommy Sheppard,The Other Dream Team,3086,44,Mickey Hart,1,basketball|basketball team|grateful dead|lithuanian|olympics,http://www.imdb.com/title/tt1606829/?ref_=fn_tt_tt_1,9,English,USA,Not Rated,5e5,2012,9,8.4,NA,0
Color,Justin Lin,35,84,681,143,Jake Sandvig,239,52850,Comedy,Monique Gabriela Curnen,Finishing the Game: The Search for a New Bruce Lee,1656,734,Joe McQueen,0,bruce lee|jeet kune do|karate|satire|spoof,http://www.imdb.com/title/tt0843850/?ref_=fn_tt_tt_1,12,English,USA,Not Rated,5e5,2007,172,6.2,1.85,155
Color,C. Jay Cox,9,100,6,325,Amber Benson,396,31937,Comedy|Romance,Tori Spelling,Kiss the Bride,1358,2310,Garrett M. Brown,3,best friend|high school|love|secret|wedding,http://www.imdb.com/title/tt0893346/?ref_=fn_tt_tt_1,10,English,USA,R,5e5,2007,326,5.7,1.85,60
Color,Alex Smith,17,112,12,699,Clea DuVall,33000,13134,Drama|Sport,Ryan Gosling,The Slaughter Rule,2004,35294,Eddie Spears,2,cheerleader|father son relationship|football coach|loss of father|mother son relationship,http://www.imdb.com/title/tt0266971/?ref_=fn_tt_tt_1,32,English,USA,R,5e5,2002,1000,6.1,2.35,183
Color,Sol Tryon,28,91,0,170,Ann Dowd,472,12055,Comedy,Jim Gaffigan,The Living Wake,739,1047,Matthew Cowles,2,artist|black comedy,http://www.imdb.com/title/tt0489212/?ref_=fn_tt_tt_1,10,English,USA,PG-13,5e5,2007,185,6.5,NA,339
Color,Alex Craig Mann,29,87,38,445,Christa B. Allen,552,1332,Comedy|Horror,Justin Chon,Detention of the Dead,2038,2251,Max Adler,6,based on play|blood|independent film|teenager|zombie,http://www.imdb.com/title/tt1865346/?ref_=fn_tt_tt_1,20,English,USA,Not Rated,5e5,2012,533,4.6,2.35,898
Color,Marc Forster,24,87,395,637,Alan Ruck,991,NA,Drama,Radha Mitchell,Everything Put Together,601,3309,Megan Mullally,0,group of friends|mental breakdown|mental instability|morgue|sudden infant death syndrome,http://www.imdb.com/title/tt0228277/?ref_=fn_tt_tt_1,10,English,USA,R,1e5,2000,946,6.6,1.85,22
Color,Daston Kalili,NA,127,2,0,Rai Alexandra,2,NA,Thriller,Daston Kalili,Insomnia Manica,16,2,Chin-Chien Chang,0,,http://www.imdb.com/title/tt0455556/?ref_=fn_tt_tt_1,3,English,USA,,5e5,2005,0,5.8,1.33,0
Color,William Gazecki,9,96,3,205,Bruce Vilanch,387,NA,Documentary,Carol Channing,The Outrageous Sophie Tucker,38,1235,Tony Bennett,1,,http://www.imdb.com/title/tt2825768/?ref_=fn_tt_tt_1,3,English,USA,,5e5,2014,244,7.2,1.33,16
Color,Michael Hoffman Jr.,64,104,32,238,John McGlothlin,685,NA,Comedy|Horror,Vincent Chimato,Girls Gone Dead,2012,2102,Al Sapienza,2,mini skirt|party|spring break|voyeur|war hammer,http://www.imdb.com/title/tt1884318/?ref_=fn_tt_tt_1,28,English,USA,R,5e5,2012,492,3.5,2.35,0
Color,Jack Heller,26,90,0,120,Katherine Waterston,322,NA,Mystery|Thriller,Shaun Sipos,Enter Nowhere,5025,630,Christopher Denham,3,cabin|going in circles|pac man|stranger|woods,http://www.imdb.com/title/tt1631707/?ref_=fn_tt_tt_1,45,English,USA,R,5e5,2011,178,6.6,NA,701
Color,Warren Sheppard,3,94,0,212,Randy Jay Burrell,918,NA,Action|Romance|Sport,Jennifer Hale,Fight to the Finish,60,2091,Vincent De Paul,0,fighting|karate,http://www.imdb.com/title/tt3152288/?ref_=fn_tt_tt_1,2,English,USA,PG-13,15e4,2016,402,4.0,NA,381
Color,Darren Lynn Bousman,10,97,163,303,Barry Bostwick,636,NA,Horror|Musical,Paul Sorvino,Alleluia! The Devil's Carnival,259,2438,Terrance Zdunich,5,carnival|devil|redemption|reference to god,http://www.imdb.com/title/tt3892618/?ref_=fn_tt_tt_1,20,English,USA,,5e5,2016,456,7.4,1.78,707
Color,Joel Paul Reisig,1,108,431,317,Joel Paul Reisig,466,NA,Family,Carrie Bradstreet,Rodeo Girl,62,1628,Yassie Hawkes,2,,http://www.imdb.com/title/tt4062896/?ref_=fn_tt_tt_1,4,English,USA,PG,5e5,2016,431,5.7,NA,0
Color,Catherine Gund,10,82,0,0,Sarah Callan,0,21199,Action|Biography|Documentary|Sport,Elizabeth Streb,Born to Fly: Elizabeth Streb vs. Gravity,40,0,Laura Flanders,1,three word title,http://www.imdb.com/title/tt2246526/?ref_=fn_tt_tt_1,10,English,USA,,5e5,2014,0,6.8,NA,44
Color,Luke Dye,1,84,0,53,Jeff Delaney,385,NA,Family,Mike Stanley,The Little Ponderosa Zoo,15,683,Jamison Stalsworth,2,,http://www.imdb.com/title/tt3846442/?ref_=fn_tt_tt_1,1,English,USA,,5e5,2016,169,5.2,16.0,9
Color,Michael Herz,96,91,6,10,Mark Torgl,488,NA,Action|Comedy|Horror|Sci-Fi,Patrick Kilpatrick,The Toxic Avenger,19253,553,Pat Ryan,0,boy|health club|superhero|toxic waste|troma,http://www.imdb.com/title/tt0090190/?ref_=fn_tt_tt_1,147,English,USA,Unrated,475e3,1984,11,6.2,1.85,0
Color,Matty Rich,8,91,10,10,George T. Odom,353,2712293,Crime|Drama,Lawrence Gilliard Jr.,Straight Out of Brooklyn,475,380,Matty Rich,4,domestic violence|housing project|new york city|poverty|racism,http://www.imdb.com/title/tt0102989/?ref_=fn_tt_tt_1,11,English,USA,R,45e4,1991,12,5.9,1.85,123
Color,Alec Asten,1,82,5,237,Dennis L.A. White,472,NA,Action,Luis Sanchez,Diamond Ruff,53,1752,Fredro Starr,6,prison|prisoner|reverend|terminal illness|two word title,http://www.imdb.com/title/tt2111292/?ref_=fn_tt_tt_1,5,English,USA,R,5e5,2015,251,4.3,NA,62
Color,Lloyd Kaufman,88,103,365,49,Lloyd Kaufman,907,23000,Comedy|Horror|Musical,John Karyus,Poultrygeist: Night of the Chicken Dead,5931,1411,Kate Graham,0,castration|chicken|fast food|indian burial ground|protest,http://www.imdb.com/title/tt0462485/?ref_=fn_tt_tt_1,58,English,USA,Unrated,5e5,2006,365,6.2,1.85,0
Color,Matthew Watts,3,86,0,304,Cheyenne Jackson,873,NA,Comedy|Romance,Jennifer Lafleur,Mutual Friends,64,2830,Michael Stahl-David,1,bromance|manhattan new york city|new york city|photograph|surprise,http://www.imdb.com/title/tt2112209/?ref_=fn_tt_tt_1,3,English,USA,,45e4,2013,469,6.8,NA,31
 Black and White,Lloyd Bacon,65,89,24,45,Dick Powell,610,2300000,Comedy|Musical|Romance,Ginger Rogers,42nd Street,7921,995,George Brent,2,chorus girl|chorus line|director|gala premiere|song,http://www.imdb.com/title/tt0024034/?ref_=fn_tt_tt_1,97,English,USA,Unrated,439e3,1933,105,7.7,1.37,439
Color,Joe Kenemore,NA,52,0,0,Jack Canfield,8,NA,Documentary,Bob Proctor,Rise of the Entrepreneur: The Search for a Better Way,78,10,Eric Worre,0,business|entrepreneur|network marketing,http://www.imdb.com/title/tt4273494/?ref_=fn_tt_tt_1,10,English,USA,G,45e4,2014,2,8.2,NA,460
Color,Whit Stillman,71,98,89,3,Taylor Nichols,88,2938208,Comedy|Drama|Romance,Chris Eigeman,Metropolitan,7143,173,Ellia Thompson,1,apartment|dancing|debutante|new york|upper class,http://www.imdb.com/title/tt0100142/?ref_=fn_tt_tt_1,52,English,USA,PG-13,225e3,1990,74,7.5,1.66,865
Color,Jared Hess,220,92,100,482,Diedrich Bader,970,44540956,Comedy,Jon Heder,Napoleon Dynamite,161448,3950,Jon Gries,0,class president|family relationships|friend|high school|jock,http://www.imdb.com/title/tt0374900/?ref_=fn_tt_tt_1,1473,English,USA,PG,4e5,2004,759,6.9,1.85,0
Color,Oren Peli,409,84,110,21,Ashley Palmer,189,107917283,Horror,Micah Sloat,Paranormal Activity,184824,330,Amber Armstrong,0,dark force|entity|evil force|found footage|paranormal phenomenon,http://www.imdb.com/title/tt1179904/?ref_=fn_tt_tt_1,1189,English,USA,R,15e3,2007,109,6.3,1.85,12000
Color,Richard Glatzer,69,90,25,138,Jesse Garcia,231,1689999,Drama,Emily Rios,QuinceaÃ±era,3675,771,Alicia Sixtos,1,15th birthday|birthday|gay|party|security guard,http://www.imdb.com/title/tt0451176/?ref_=fn_tt_tt_1,48,Spanish,USA,R,4e5,2006,200,7.1,2.35,426
Color,Sue Corcoran,8,96,14,6,Sue Corcoran,361,11798,Comedy|Fantasy|Horror|Musical,Tony Doupe,Gory Gory Hallelujah,179,387,David Frederick White,2,conspiracy|feminist|hippie|motorcycle|slapstick comedy,http://www.imdb.com/title/tt0396041/?ref_=fn_tt_tt_1,18,English,USA,,1e5,2003,14,4.7,1.78,39
Color,Jonathan Caouette,72,88,20,0,Jonathan Caouette,58,592014,Biography|Documentary,Greg Ayres,Tarnation,5709,78,Renee Leblanc,3,answering machine|home movie|lithium|schizophrenic|video diary,http://www.imdb.com/title/tt0390538/?ref_=fn_tt_tt_1,114,English,USA,Unrated,218.0,2003,20,7.2,1.37,754
Color,Ray Griggs,4,92,4,12,Chris Cox,93,425899,Documentary,Bill Farmer,I Want Your Money,1123,168,Mike Huckabee,0,,http://www.imdb.com/title/tt1560957/?ref_=fn_tt_tt_1,31,English,USA,PG,4e5,2010,31,5.1,1.78,638
Color,Matt Jackson,9,97,0,271,Paul Elia,935,NA,Comedy|Horror,Kane Hodder,Love in the Time of Monsters,143,2350,Alex Sanborn,3,bigfoot|love|monster|sasquatch|tourist,http://www.imdb.com/title/tt2403415/?ref_=fn_tt_tt_1,5,English,USA,,5e5,2014,709,5.4,NA,194
 Black and White,D.W. Griffith,69,123,204,9,Mae Marsh,436,NA,Drama|History|War,Lillian Gish,Intolerance: Love's Struggle Throughout the Ages,10718,481,Walter Long,1,huguenot|intolerance|medicis|protestant|wedding,http://www.imdb.com/title/tt0006864/?ref_=fn_tt_tt_1,88,,USA,Not Rated,385907.0,1916,22,8.0,1.33,691
Color,Roger Nygard,43,86,3,513,DeForest Kelley,643,617172,Documentary,Walter Koenig,Trekkies,4407,2864,James Doohan,1,autograph|dentist|outer space|star trek|telephone call,http://www.imdb.com/title/tt0120370/?ref_=fn_tt_tt_1,75,English,USA,PG,375e3,1997,606,7.0,NA,672
 Black and White,Harry Beaumont,36,100,4,4,Bessie Love,77,2808000,Musical|Romance,Anita Page,The Broadway Melody,4546,109,Charles King,8,sibling rivalry|singer|sister act|whistling|wisecrack humor,http://www.imdb.com/title/tt0019729/?ref_=fn_tt_tt_1,71,English,USA,Passed,379e3,1929,28,6.3,1.37,167
Color,Sam Raimi,304,96,0,58,Betsy Baker,634,NA,Fantasy|Horror,Ted Raimi,The Evil Dead,141219,813,Ellen Sandweiss,0,cult director|cult film|evil dead|necronomicon|psychotronic film,http://www.imdb.com/title/tt0083907/?ref_=fn_tt_tt_1,740,English,USA,NC-17,375e3,1981,66,7.6,1.37,12000
Color,Sam Firstenberg,40,90,44,93,Steve James,615,4000000,Action|Drama,Michael Dudikoff,American Ninja 2: The Confrontation,6046,872,Larry Poindexter,0,blood splatter|island|motorboat|ninja|sequel to cult film,http://www.imdb.com/title/tt0092548/?ref_=fn_tt_tt_1,46,English,USA,R,35e4,1987,96,4.7,1.85,583
Color,Chad Kapper,4,98,0,0,Natalie Welch,196,NA,Family|Sci-Fi,Tom E. Nicholson,Rotor DR1,209,199,Christian Kapper,2,drone|playing with gun|post apocalypse|road trip|working class family,http://www.imdb.com/title/tt4162992/?ref_=fn_tt_tt_1,8,English,USA,,35e4,2015,3,3.4,2.35,240
Color,John Carpenter,318,101,0,598,Donald Pleasence,2000,47000000,Horror|Thriller,Jamie Lee Curtis,Halloween,157863,4400,P.J. Soles,0,halloween|masked killer|michael myers|slasher|trick or treat,http://www.imdb.com/title/tt0077651/?ref_=fn_tt_tt_1,1191,English,USA,R,3e5,1978,742,7.9,2.35,12000
 Black and White,Sidney Lumet,177,96,0,253,Lee J. Cobb,359,NA,Crime|Drama,Jack Warden,12 Angry Men,447785,1433,John Fiedler,1,courtroom|dialogue driven|dialogue driven storyline|jury|murder,http://www.imdb.com/title/tt0050083/?ref_=fn_tt_tt_1,888,English,USA,Not Rated,35e4,1957,259,8.9,1.66,40000
 Black and White,Frank Capra,124,65,964,21,Alan Hale,380,NA,Comedy|Romance,Claudette Colbert,It Happened One Night,64888,540,Walter Connolly,1,bus|detective|love|money|reporter,http://www.imdb.com/title/tt0025316/?ref_=fn_tt_tt_1,235,English,USA,Unrated,325e3,1934,114,8.2,1.37,0
Color,Gavin O'Connor,64,102,149,276,Janet McTeer,409,1281176,Comedy|Drama,Kimberly J. Brown,Tumbleweeds,2932,1986,Lois Smith,1,boss|fight|reference to william shakespeare|white trash|written and directed by cast member,http://www.imdb.com/title/tt0161023/?ref_=fn_tt_tt_1,73,English,USA,PG-13,312e3,1999,277,6.7,1.85,121
Color,Peter Hedges,131,80,54,543,Adrian Martinez,1000,2360184,Comedy|Drama,Oliver Platt,Pieces of April,18035,3010,Derek Luke,3,apartment|oven|stove|thanksgiving|thanksgiving dinner,http://www.imdb.com/title/tt0311648/?ref_=fn_tt_tt_1,177,English,USA,PG-13,3e5,2003,806,7.1,1.85,0
Color,Kelly Reichardt,88,76,129,26,Lucy,52,255352,Drama,Daniel London,Old Joy,4423,132,Will Oldham,2,cell phone|male frontal nudity|oregon|sexual ambiguity|title directed by female,http://www.imdb.com/title/tt0468526/?ref_=fn_tt_tt_1,57,English,USA,Unrated,3e5,2006,44,6.7,1.66,594
Color,Kelly Reichardt,189,80,129,26,Lucy,375,856942,Drama,John Robinson,Wendy and Lucy,12241,460,Will Oldham,1,car|dog|flip phone|rape threat|vulnerable,http://www.imdb.com/title/tt1152850/?ref_=fn_tt_tt_1,112,English,USA,R,2e5,2008,44,7.1,1.85,0
Color,Eric Mendelsohn,20,88,5,301,Edie Falco,795,NA,Drama,Embeth Davidtz,3 Backyards,554,1884,Kathryn Erbe,0,number in title,http://www.imdb.com/title/tt1314190/?ref_=fn_tt_tt_1,23,English,USA,R,3e5,2010,659,5.2,NA,92
 Black and White,Michael Roemer,24,95,0,87,Gloria Foster,581,12438,Drama|Romance,Yaphet Kotto,Nothing But a Man,891,835,Ivan Dixon,1,1960s|father|railroad|town|worker,http://www.imdb.com/title/tt0058414/?ref_=fn_tt_tt_1,26,English,USA,Not Rated,16e4,1964,99,8.1,NA,363
Color,Jesse Peretz,16,94,37,104,Eli Marienthal,318,40542,Drama|Romance,Robert John Burke,"First Love, Last Rites",294,751,Natasha Gregson Wagner,0,listening to music|misfit|panties|red panties|sex,http://www.imdb.com/title/tt0128214/?ref_=fn_tt_tt_1,16,English,USA,R,3e5,1997,157,5.5,NA,26
Color,Eddie O'Flaherty,13,109,3,25,Eddie Jones,54,5199,Drama|Sport,Don Wallace,Fighting Tommy Riley,720,185,Christina Chambers,0,older man younger man relationship|punching bag|school teacher|undressing|unrequited love,http://www.imdb.com/title/tt0366444/?ref_=fn_tt_tt_1,23,English,USA,R,2e5,2004,53,6.6,2.35,30
Color,Babar Ahmed,8,90,0,32,Alexander Wraith,502,NA,Action|Thriller,Lalaine,Royal Kill,476,689,Darren Kendrick,0,assassin|female assassin|kingdom|martial arts|mission,http://www.imdb.com/title/tt0421237/?ref_=fn_tt_tt_1,18,English,USA,PG-13,35e4,2009,119,3.2,NA,53
Color,Paul Bartel,164,80,43,668,David Carradine,13000,NA,Action|Comedy|Sci-Fi|Sport,Sylvester Stallone,Death Race 2000,19875,14950,Martin Kove,0,cult director|cult film|drive in classic|psychotronic|race,http://www.imdb.com/title/tt0072856/?ref_=fn_tt_tt_1,147,English,USA,R,3e5,1975,926,6.2,1.85,0
Color,Bruce Dellis,10,95,0,309,Ricky Schroder,685,2468,Thriller,Tatyana Ali,Locker 13,241,2048,Jon Polito,3,digit in title|latino|life or death|philosophy|supernatural,http://www.imdb.com/title/tt1241226/?ref_=fn_tt_tt_1,5,English,USA,R,3e5,2014,665,4.8,1.85,261
Color,Jerome Elston Scott,8,98,3,248,Joanna Cassidy,500,NA,Comedy|Drama|Romance,Taran Killam,Anderson's Cross,95,1545,Ryan Carnes,7,divorce|marriage|mother daughter relationship|sex|teenage boy,http://www.imdb.com/title/tt0393049/?ref_=fn_tt_tt_1,7,English,USA,R,3e5,2010,317,7.2,NA,7
Color,Herb Freed,78,96,5,180,Carmen Argenziano,431,NA,Horror|Mystery,Linnea Quigley,Graduation Day,1905,1228,Vanna White,0,coach|mask|school principal|team|track,http://www.imdb.com/title/tt0082467/?ref_=fn_tt_tt_1,58,English,USA,R,25e4,1981,338,4.5,1.85,249
Color,Jack Perez,131,97,19,313,Barry Bostwick,778,NA,Comedy|Crime|Drama|Horror|Mystery|Thriller,Kevin Corrigan,Some Guy Who Kills People,4550,2515,Ahmed Best,2,,http://www.imdb.com/title/tt1568341/?ref_=fn_tt_tt_1,58,English,USA,R,3e5,2011,456,6.4,1.85,0
Color,Craig Zobel,286,90,25,235,Matt Servitto,601,318622,Biography|Crime|Drama|Thriller,Dreama Walker,Compliance,24668,1734,James McCaffrey,0,authority|boss subordinate relationship|fast food restaurant|gullibility|telephone call,http://www.imdb.com/title/tt1971352/?ref_=fn_tt_tt_1,175,English,USA,R,27e4,2012,260,6.4,2.35,0
Color,Kevin Smith,147,113,0,781,Ethan Suplee,13000,12006514,Comedy|Drama|Romance,Matt Damon,Chasing Amy,114070,15765,Joey Lauren Adams,5,comic book|friendship|gay|lesbian|secret,http://www.imdb.com/title/tt0118842/?ref_=fn_tt_tt_1,500,English,USA,R,25e4,1997,1000,7.3,1.85,0
Color,Nicole Holofcener,71,91,132,225,Brenda Blethyn,400,4186931,Comedy|Drama|Romance,Aunjanue Ellis,Lovely & Amazing,6041,1330,Raven Goodwin,3,african american|dog|homecoming queen|insecurity|surgery,http://www.imdb.com/title/tt0258273/?ref_=fn_tt_tt_1,85,English,USA,R,25e4,2001,286,6.9,1.85,169
Color,Ken Del Conte,NA,90,2,99,Robert Miano,466,NA,Action|Adventure|Mystery|Romance|Thriller,Hector Echavarria,Death Calls,30,842,Ron RoggÃ©,2,murder|oppression|rebirth|reincarnation|revenge,http://www.imdb.com/title/tt1328873/?ref_=fn_tt_tt_1,NA,English,USA,R,29e4,2010,216,4.3,1.85,16
Color,Justin Lin,51,98,681,13,Jason Tobin,94,3799339,Crime|Drama|Romance,Parry Shen,Better Luck Tomorrow,8000,139,Collin Kahey,1,asian american|high school|overachiever|pubic hair|vomiting,http://www.imdb.com/title/tt0280477/?ref_=fn_tt_tt_1,138,English,USA,R,25e4,2002,26,7.2,1.85,661
Color,Maria Maggenti,23,94,4,10,Laurel Holloman,360,1977544,Comedy|Drama|Romance,Nicole Ari Parker,The Incredibly True Adventure of Two Girls in Love,3513,656,Stephanie Berry,0,caught having sex|class|friend|lesbian|lesbian sex,http://www.imdb.com/title/tt0113416/?ref_=fn_tt_tt_1,36,English,USA,R,25e4,1995,273,6.5,1.85,423
Color,Miguel Arteta,59,96,44,129,Mike White,625,1050600,Comedy|Drama,Lupe Ontiveros,Chuck & Buck,4662,1378,Chris Weitz,0,best friend|bisexuality|friend|gay kiss|sexuality,http://www.imdb.com/title/tt0200530/?ref_=fn_tt_tt_1,136,English,USA,R,25e4,2000,487,6.6,1.85,170
Color,Piyush Dinker Pandya,9,100,0,51,Rizwan Manji,250,902835,Comedy|Drama|Romance,Purva Bedi,American Desi,1489,454,Anil Kumar,2,college|desi|heritage|india|indian american,http://www.imdb.com/title/tt0203289/?ref_=fn_tt_tt_1,40,English,USA,Unrated,25e4,2001,89,6.7,1.85,133
Color,Daniel Columbie,NA,90,0,185,Nicholas Simmons,569,NA,Action|Crime|Drama,Keri Maletto,Amidst the Devil's Wings,28,1461,Barbie Castro,0,,http://www.imdb.com/title/tt3976258/?ref_=fn_tt_tt_1,NA,English,USA,,3e5,2014,553,4.3,NA,17
Color,Bill Plympton,19,75,45,0,Bill Martone,5,203134,Animation|Comedy|Drama|Fantasy|Sci-Fi,Charis Michelsen,I Married a Strange Person!,1428,7,Richard Spore,0,claim in title|exclamation point in title|punctuation in title|reference to babe ruth|sex,http://www.imdb.com/title/tt0119346/?ref_=fn_tt_tt_1,21,English,USA,R,25e4,1997,2,7.0,1.85,178
Color,Greg Harrison,43,78,7,142,Anne Archer,308,191309,Drama|Mystery|Thriller,Amir Talai,November,2787,1008,Nora Dunn,1,female protagonist|murder|photographer|robbery|shot to death,http://www.imdb.com/title/tt0368089/?ref_=fn_tt_tt_1,64,English,USA,R,15e4,2004,249,5.5,1.85,98
Color,Drake Doremus,206,90,52,224,Charlie Bewley,34000,3388210,Drama|Romance,Jennifer Lawrence,Like Crazy,46813,34983,Finola Hughes,1,girlfriend|immigration|long distance relationship|parents|student visa,http://www.imdb.com/title/tt1758692/?ref_=fn_tt_tt_1,150,English,USA,PG-13,25e4,2011,487,6.7,1.78,12000
Color,Al Franklin,NA,96,0,270,Steffinnie Phrommany,471,NA,Horror,Marshal Hilton,Teeth and Blood,24,1399,Clint Jung,0,blood|teeth,http://www.imdb.com/title/tt1991199/?ref_=fn_tt_tt_1,2,English,USA,,3e5,2015,320,4.3,16.0,85
Color,Paul Schrader,162,99,261,461,Gus Van Sant,924,49494,Drama|Thriller,Nolan Gerard Funk,The Canyons,8511,2862,James Deen,0,cocaine|homosexual|penis|psychopath|pubic hair,http://www.imdb.com/title/tt2292959/?ref_=fn_tt_tt_1,87,English,USA,R,25e4,2013,835,3.9,2.35,0
 Black and White,Hilary Brougher,8,81,0,5,Samantha Buck,119,18195,Sci-Fi,James Urbaniak,The Sticky Fingers of Time,336,154,Terumi Matthews,0,future|nonlinear timeline|time travel|title directed by female|writer,http://www.imdb.com/title/tt0127302/?ref_=fn_tt_tt_1,7,English,USA,,25e4,1997,24,6.3,1.85,67
Color,Tom Seidman,4,98,3,104,Derek Brandon,337,NA,Drama|Family,Florence Henderson,The Christmas Bunny,450,694,Charles Irving Beale,2,animal in title|christmas|farm|michigan|rabbit,http://www.imdb.com/title/tt1640714/?ref_=fn_tt_tt_1,10,English,USA,PG,25e4,2010,168,6.2,NA,0
Color,Sam Martin,1,66,0,0,Steve Duin,0,NA,Documentary,Sam Adams,UnDivided,6,0,Jeff Jacob,2,,http://www.imdb.com/title/tt3564748/?ref_=fn_tt_tt_1,1,English,USA,PG,25e4,2013,0,7.8,NA,53
Color,Andrew Hyatt,12,95,7,89,Brit Morgan,236,NA,Horror|Thriller,Noah Segan,The Frozen,1488,537,Sedona James,1,two word title,http://www.imdb.com/title/tt2363439/?ref_=fn_tt_tt_1,28,English,USA,PG-13,25e4,2012,206,4.4,NA,519
Color,Joel Paul Reisig,1,108,431,3,Dana Blackstone,288,NA,Family,Joshua Ray Bell,Horse Camp,25,387,Annelyse Ahmad,6,,http://www.imdb.com/title/tt3421204/?ref_=fn_tt_tt_1,1,English,USA,PG,25e4,2014,96,6.6,NA,71
Color,Kristin Rizzo,6,90,30,670,Robert Davi,699,NA,Documentary,Esai Morales,Give Me Shelter,37,3967,Elaine Hendrix,0,independent film,http://www.imdb.com/title/tt2559658/?ref_=fn_tt_tt_1,2,English,USA,,25e4,2014,683,8.0,NA,199
 Black and White,King Vidor,48,151,54,6,RenÃ©e AdorÃ©e,81,NA,Drama|Romance|War,John Gilbert,The Big Parade,4849,108,Claire Adams,0,chewing gum|climbing a tree|france|translation problems|world war one,http://www.imdb.com/title/tt0015624/?ref_=fn_tt_tt_1,45,,USA,Not Rated,245e3,1925,12,8.3,1.33,226
Color,Ward Roberts,2,83,12,29,Jacob Zachar,1000,NA,Comedy,Sid Haig,Little Big Top,110,1244,Travis Betz,0,amateur|circus|clown|unconsciousness|urination,http://www.imdb.com/title/tt0469690/?ref_=fn_tt_tt_1,1,English,USA,,24e4,2006,185,6.5,NA,72
Color,Zoran Lisinac,17,108,0,142,Brock Baker,431,NA,Comedy|Music|Romance,Matthew Emerick,Along the Roadside,330,1087,Sheldon Bailey,3,,http://www.imdb.com/title/tt2290113/?ref_=fn_tt_tt_1,2,English,USA,,25e4,2013,297,7.1,1.85,231
Color,James O'Brien,5,105,7,494,Vivian Lamolli,814,NA,Adventure|Drama|Fantasy|Thriller|Western,Mark Fantasia,Western Religion,146,2970,Greg Jackson,0,arizona|gambling|gunfighter|poker game|year 1879,http://www.imdb.com/title/tt3210710/?ref_=fn_tt_tt_1,4,English,USA,,25e4,2015,755,4.0,NA,244
Color,Tom Putnam,22,86,15,0,Donald Austin,2,111300,Documentary,Brendan Doogie Milewski,Burn,575,2,Craig Dougherty,0,abandoned building|detroit michigan|firefighter|michigan|urban setting,http://www.imdb.com/title/tt1781784/?ref_=fn_tt_tt_1,6,English,USA,Not Rated,225e3,2012,0,7.5,2.35,801
Color,Jon Shear,38,106,0,131,Josh Hamilton,254,1027119,Drama,Dan Futterman,Urbania,2742,964,Matt Keeslar,1,hot dog bun|needle|new york|rat|tourist,http://www.imdb.com/title/tt0182508/?ref_=fn_tt_tt_1,73,English,USA,R,225e3,2000,147,7.0,1.85,72
Color,Al Silliman Jr.,21,93,0,0,Nancy Ison,12,NA,Comedy|Drama,Christina Hart,The Stewardesses,161,24,William Condos,0,female frontal nudity|female nudity|lesbian sex|lesbianism|sex,http://www.imdb.com/title/tt0168192/?ref_=fn_tt_tt_1,5,English,USA,X,1e5,1969,12,4.0,1.37,17
 Black and White,EugÃ¨ne LouriÃ©,67,80,7,21,Cecil Kellaway,57,5000000,Adventure|Horror|Sci-Fi,Kenneth Tobey,"The Beast from 20,000 Fathoms",4812,205,Ross Elliott,0,arctic|beast|dinosaur|monster|rhedosaurus,http://www.imdb.com/title/tt0045546/?ref_=fn_tt_tt_1,88,English,USA,Approved,21e4,1953,40,6.7,1.37,465
Color,Doug Liman,77,96,218,31,Alex DÃ©sert,4000,4505922,Comedy|Drama,Jon Favreau,Swingers,63951,4230,Blake Lindsley,0,actor|black panties|cult film|friend|upskirt,http://www.imdb.com/title/tt0117802/?ref_=fn_tt_tt_1,252,English,USA,R,2e5,1996,135,7.4,1.85,0
 Black and White,Lowell Sherman,35,66,16,28,Gilbert Roland,418,NA,Comedy|Drama|History|Musical|Romance,Mae West,She Done Him Wrong,4152,583,Louise Beavers,1,captain|marriage proposal|saloon|saloon singer|singer,http://www.imdb.com/title/tt0024548/?ref_=fn_tt_tt_1,59,English,USA,Approved,2e5,1933,85,6.5,1.37,328
Color,Maurizio Benazzo,15,85,0,0,Jasper Johal,66,381225,Documentary,The Dalai Lama,Short Cut to Nirvana: Kumbh Mela,131,66,Swami Krishnanad,0,,http://www.imdb.com/title/tt0420723/?ref_=fn_tt_tt_1,13,English,USA,Unrated,2e5,2004,0,7.2,1.78,30
Color,David G. Evans,25,101,0,16,Chris Thomas,77000,2428241,Drama,Michael Joiner,The Grace Card,2099,77046,Michael Higgenbottom,7,christian film|forgiveness|hospital|pastor|police,http://www.imdb.com/title/tt1544600/?ref_=fn_tt_tt_1,26,English,USA,PG-13,2e5,2010,21,6.4,NA,0
Color,Ava DuVernay,37,97,151,305,David Oyelowo,1000,78030,Drama,Omari Hardwick,Middle of Nowhere,1034,3021,Lorraine Toussaint,2,,http://www.imdb.com/title/tt1211890/?ref_=fn_tt_tt_1,10,English,USA,R,2e5,2012,1000,6.5,2.35,569
Color,Sherman Alexie,12,103,18,61,Leo Rossi,96,174682,Drama|Music,William Joseph Elk III,The Business of Fancydancing,460,314,Cynthia Geary,0,funeral|gay|native american protagonist|poet|reservation,http://www.imdb.com/title/tt0303313/?ref_=fn_tt_tt_1,14,English,USA,,2e5,2002,90,6.9,NA,96
Color,Justin Dillon,7,86,0,15,Natasha Bedingfield,178,215185,Documentary|History|Music,Matisyahu,Call + Response,48,279,Madeleine Albright,3,fair trade|human trafficking|non profit|rockumentary|slavery,http://www.imdb.com/title/tt1301130/?ref_=fn_tt_tt_1,2,English,USA,PG-13,2e5,2008,58,7.5,NA,26
Color,Stevan Mena,60,90,25,10,Stevan Mena,169,NA,Crime|Horror|Mystery|Thriller,R. Brandon Johnson,Malevolence,2413,206,Richard Glover,0,abandoned house|bank|robber|swing|witness,http://www.imdb.com/title/tt0388230/?ref_=fn_tt_tt_1,112,English,USA,R,2e5,2003,25,5.1,1.33,198
Color,Adam Rifkin,4,95,89,45,Adam Rifkin,471,NA,Comedy|Drama,Marri Savinar,Shooting the Warwicks,81,705,Bethany Blakey,0,family relationships|husband wife relationship|nudity|reality|reality spoof,http://www.imdb.com/title/tt2690560/?ref_=fn_tt_tt_1,1,English,USA,,25e4,2015,89,6.2,NA,47
Color,Richard Schenkman,66,87,29,131,John Billingsley,505,NA,Drama|Romance|Sci-Fi,William Katt,The Man from Earth,129799,1181,David Lee Smith,0,cro magnon|dialogue driven storyline|single set production|single setting|storytelling,http://www.imdb.com/title/tt0756683/?ref_=fn_tt_tt_1,638,English,USA,Not Rated,2e5,2007,323,8.0,1.78,46000
Color,Ricki Stern,11,106,15,0,Evelyn Jefferson,2,1111,Crime|Documentary,Darryl Hunt,The Trials of Darryl Hunt,771,2,John Reeves,0,false accusation|murder|north carolina|trial|wrongful conviction,http://www.imdb.com/title/tt0446055/?ref_=fn_tt_tt_1,10,English,USA,PG-13,2e5,2006,0,7.7,1.66,246
Color,Nadia Tass,6,86,20,32,Jordan Bridges,563,NA,Drama|Family,Mia Farrow,An American Girl Holiday,1338,828,Bruce Gooch,1,courtship|friend|girl|servant|sister,http://www.imdb.com/title/tt0412366/?ref_=fn_tt_tt_1,32,English,USA,,2e5,2004,194,7.2,1.33,90
Color,C. Fraser Press,13,105,0,27,Robert Turano,178,NA,Comedy|Drama|Music,Elaine Bromka,Theresa Is a Mother,37,263,Matthew Gumley,0,,http://www.imdb.com/title/tt1989646/?ref_=fn_tt_tt_1,1,English,USA,,2e5,2012,32,6.7,NA,38
Color,Sharon Greytak,3,94,0,178,Alex Emanuel,433,NA,Drama,Sally Kirkland,Archaeology of a Woman,15,1112,Elaine Bromka,1,,http://www.imdb.com/title/tt1702455/?ref_=fn_tt_tt_1,3,English,USA,,2e5,2012,375,8.1,1.78,66
 Black and White,Spike Lee,26,88,0,46,Joie Lee,539,7137502,Comedy|Romance,S. Epatha Merkerson,She's Gotta Have It,4769,708,Tracy Camilla Johns,0,female nudity|male model|nudity|rite of passage|sex,http://www.imdb.com/title/tt0091939/?ref_=fn_tt_tt_1,26,English,USA,R,175e3,1986,53,6.5,1.85,406
Color,Cary Bell,NA,78,0,0,Stacie Evans,0,NA,Documentary,Abigail Evans,Butterfly Girl,27,0,Emily Gorell,0,,http://www.imdb.com/title/tt2421956/?ref_=fn_tt_tt_1,1,English,USA,,18e4,2014,0,8.7,NA,88
Color,Mike Cahill,242,92,135,259,William Mapother,574,1316074,Drama|Romance|Sci-Fi,Robin Lord Taylor,Another Earth,71387,1303,Flint Beverage,1,duplicate earth|janitor|planet|solar system|synchronicity,http://www.imdb.com/title/tt1549572/?ref_=fn_tt_tt_1,228,English,USA,PG-13,1e5,2011,399,7.0,1.85,21000
Color,Melvin Van Peebles,38,97,101,101,Mario Van Peebles,982,15180000,Crime|Drama|Thriller,John Amos,Sweet Sweetback's Baadasssss Song,3340,1631,Melvin Van Peebles,1,black panther|hells angels|on the run|racist|racist cop,http://www.imdb.com/title/tt0067810/?ref_=fn_tt_tt_1,50,English,USA,R,5e5,1971,535,5.5,1.37,566
Color,Ken Roht,NA,109,0,26,Joe Lev,270,NA,Drama,Charla Cochran,Perfect Cowboy,8,364,Sienna Beckman,3,country singer|father son relationship|music group,http://www.imdb.com/title/tt3581098/?ref_=fn_tt_tt_1,NA,English,USA,,2e5,2014,54,7.0,NA,65
Color,Gary Winick,91,78,56,184,Aaron Stanford,376,2882062,Comedy|Drama|Romance,Bebe Neuwirth,Tadpole,5178,1144,Ron Rifkin,2,best friend|boy|french|friend|love,http://www.imdb.com/title/tt0271219/?ref_=fn_tt_tt_1,101,English,USA,PG-13,15e4,2000,346,6.3,1.85,132
Color,Michel Orion Scott,29,93,0,2,Rowan Isaacson,58,155984,Documentary,Temple Grandin,The Horse Boy,586,62,Simon Baron-Cohen,0,horse|journey|mongolia|shaman|travel,http://www.imdb.com/title/tt1333668/?ref_=fn_tt_tt_1,9,English,USA,Unrated,16e4,2009,2,7.4,1.85,0
Color,Tobe Hooper,277,88,365,177,Edwin Neal,383,30859000,Horror|Thriller,Gunnar Hansen,The Texas Chain Saw Massacre,96411,1094,Marilyn Burns,0,cannibal|chainsaw|hitchhiker|independent film|leatherface,http://www.imdb.com/title/tt0072271/?ref_=fn_tt_tt_1,826,English,USA,R,83532.0,1974,371,7.5,1.85,0
Color,Bill Melendez,43,25,36,27,Bill Melendez,39,NA,Animation|Comedy|Family,Peter Robbins,A Charlie Brown Christmas,21826,139,Christopher Shea,0,christmas|christmas tree|commercialism|meaning of christmas|tree,http://www.imdb.com/title/tt0059026/?ref_=fn_tt_tt_1,126,English,USA,TV-G,15e4,1965,36,8.4,1.33,0
Color,Dena Seidel,5,72,0,0,Hugh Ducklow,0,4914,Adventure|Documentary,Naderev Sano,Antarctic Edge: 70° South,123,0,Mike Brett,0,,http://www.imdb.com/title/tt2780714/?ref_=fn_tt_tt_1,2,English,USA,,15e4,2015,0,7.0,NA,215
 Black and White,Deborah Anderson,16,66,4,232,Jesse Jane,502,NA,Documentary,Lisa Ann,Aroused,502,1796,Kayden Kross,0,aroused|photography|pornography documentary|pornstar,http://www.imdb.com/title/tt2403815/?ref_=fn_tt_tt_1,9,English,USA,,15e4,2013,366,5.3,NA,207
Color,Sara Newens,18,80,0,0,Xinhua Jiang,0,5858,Documentary,Ariel Hsing,Top Spin,260,0,Michael Landers,0,,http://www.imdb.com/title/tt4219836/?ref_=fn_tt_tt_1,2,English,USA,,15e4,2014,0,7.1,NA,116
Color,Michael Moore,40,91,909,42,Pat Boone,909,6706368,Documentary,Michael Moore,Roger & Me,22800,1048,Bob Eubanks,0,factory|flint michigan|general motors|michigan|quest,http://www.imdb.com/title/tt0098213/?ref_=fn_tt_tt_1,133,English,USA,R,16e4,1989,91,7.5,1.66,667
Color,Sai Varadan,3,89,0,163,Hassan Johnson,196,NA,Drama,J.D. Williams,An American in Hollywood,100,942,Samantha Esteban,0,place name in title,http://www.imdb.com/title/tt2125430/?ref_=fn_tt_tt_1,3,English,USA,R,125e3,2014,180,7.2,NA,72
Color,Andrew Berends,12,90,0,NA,,NA,NA,Documentary|War,,The Blood of My Brother,102,0,,1,american|blood|dream|patrol|tank,http://www.imdb.com/title/tt0488873/?ref_=fn_tt_tt_1,7,English,USA,,12e4,2005,NA,6.6,1.66,14
Color,Lynn Shelton,171,90,100,9,Mike Birbiglia,830,1573712,Comedy|Drama,Mark Duplass,Your Sister's Sister,21618,973,Mel Eslyn,2,drunken sex|mashed potatoes|pancakes|tequila|title directed by female,http://www.imdb.com/title/tt1742336/?ref_=fn_tt_tt_1,62,English,USA,R,125e3,2011,128,6.7,NA,3000
Color,Valentine,NA,NA,0,NA,Valentine,17,NA,Romance,Diane Sorrentino,Romantic Schemer,172,17,,2,,http://www.imdb.com/title/tt4607906/?ref_=fn_tt_tt_1,NA,English,USA,PG-13,125e3,2015,0,5.1,NA,0
 Black and White,George A. Romero,284,96,0,56,Duane Jones,125,NA,Drama|Horror|Mystery,Judith O'Dea,Night of the Living Dead,87978,403,S. William Hinzman,5,cemetery|farmhouse|radiation|running out of gas|zombie,http://www.imdb.com/title/tt0063350/?ref_=fn_tt_tt_1,580,English,USA,Unrated,114e3,1968,108,8.0,1.85,0
Color,Nathan Smith Jones,1,77,7,69,Frank Gerrish,206,NA,Comedy,Richard Moll,The Work and the Story,98,516,Christopher Robin Miller,0,latter day saints|lds film|mock documentary|mormon|mormonism,http://www.imdb.com/title/tt0339921/?ref_=fn_tt_tt_1,5,English,USA,,103e3,2003,81,5.7,NA,0
Color,Alex Kendrick,31,111,589,51,Erin Bethea,589,10174663,Drama|Sport,Alex Kendrick,Facing the Giants,12399,916,Shannen Fields,0,christian|coach|faith|football|football team,http://www.imdb.com/title/tt0805526/?ref_=fn_tt_tt_1,382,English,USA,PG,1e5,2006,150,6.7,1.85,0
Color,Travis Cluff,159,81,3,7,Cassidy Gifford,220,22757819,Horror|Thriller,Pfeifer Brown,The Gallows,13521,276,Reese Mishler,0,breaking and entering|gallows|hanging|high school|stage,http://www.imdb.com/title/tt2309260/?ref_=fn_tt_tt_1,150,English,USA,R,1e5,2015,40,4.2,1.85,0
 Black and White,David Lynch,152,89,0,121,Jack Nance,195,NA,Fantasy|Horror|Sci-Fi,Hal Landon Jr.,Eraserhead,69831,837,Charlotte Stewart,1,apartment|baby|deformed baby|factory|surrealism,http://www.imdb.com/title/tt0074486/?ref_=fn_tt_tt_1,535,English,USA,Unrated,2e4,1977,158,7.4,1.37,0
 Black and White,Harry F. Millarde,1,110,0,0,Johnnie Walker,2,3000000,Crime|Drama,Stephen Carr,Over the Hill to the Poorhouse,5,4,Mary Carr,1,family relationships|gang|idler|poorhouse|thief,http://www.imdb.com/title/tt0011549/?ref_=fn_tt_tt_1,1,,USA,,1e5,1920,2,4.8,1.33,0
Color,Robert Townsend,21,81,467,287,Keenen Ivory Wayans,467,5228617,Comedy,Robert Townsend,Hollywood Shuffle,2770,1431,Helen Martin,1,actor|african american|dream|two word title|written and directed by cast member,http://www.imdb.com/title/tt0093200/?ref_=fn_tt_tt_1,32,English,USA,R,1e5,1987,322,7.0,1.85,471
Color,Jamaa Fanaka,23,99,9,10,Chuck Mitchell,116,NA,Crime|Drama|Sport,Leon Isaac Kennedy,Penitentiary,509,170,Wilbur 'Hi-Fi' White,2,blaxploitation|boxing|convict|drifter|false accusation,http://www.imdb.com/title/tt0079709/?ref_=fn_tt_tt_1,10,English,USA,R,1e5,1979,24,5.8,1.85,157
 Black and White,Larry Blamire,88,90,56,56,Brian Howe,126,110536,Comedy|Horror|Sci-Fi,Fay Masterson,The Lost Skeleton of Cadavra,4117,284,Larry Blamire,1,alien|cave|husband wife relationship|monster|skeleton,http://www.imdb.com/title/tt0307109/?ref_=fn_tt_tt_1,118,English,USA,PG,4e4,2001,76,7.0,1.85,0
Color,Stephen Langford,2,82,7,50,Gabriela Castillo,143,NA,Family,Kevin P. Farley,"Dude, Where's My Dog?!",73,417,Brandon Middleton,0,,http://www.imdb.com/title/tt3109200/?ref_=fn_tt_tt_1,4,English,USA,PG,2e4,2014,134,3.2,1.85,178
Color,E.L. Katz,193,88,3,307,Ethan Embry,3000,59379,Comedy|Crime|Drama|Horror|Thriller,Brighton Sharbino,Cheap Thrills,12796,4729,Elissa Dowling,3,cocaine|extramarital affair|sex|shooting|violence,http://www.imdb.com/title/tt2389182/?ref_=fn_tt_tt_1,52,English,USA,Not Rated,2e5,2013,982,6.8,2.35,0
Color,Patrick Ryan Sims,5,81,0,10,Hugh Mun,416,NA,Action|Drama|Sci-Fi|Thriller,Claire Gordon-Harper,Echo Dr.,101,459,Johnathan Hurley,2,android|artificial intelligence|home invasion|security system|tech noir,http://www.imdb.com/title/tt2343473/?ref_=fn_tt_tt_1,1,English,USA,,1e5,2013,18,3.6,1.78,17
Color,Jason Miller,5,77,0,0,Dottie Alexander,45,NA,Biography|Documentary|Music,Jon Brion,The Past is a Grotesque Animal,80,45,David Barnes,0,artist|band|male rear nudity|sexuality|stage,http://www.imdb.com/title/tt3072636/?ref_=fn_tt_tt_1,1,English,USA,Unrated,1e5,2014,0,7.6,1.78,82
Color,Sut Jhally,16,80,3,0,Seth Ackerman,103,NA,Documentary,Noam Chomsky,"Peace, Propaganda & the Promised Land",496,103,Arik Ascherman,3,arab israeli conflict|israel|media|middle east|palestine,http://www.imdb.com/title/tt0428959/?ref_=fn_tt_tt_1,13,English,USA,,7e4,2004,0,8.3,NA,110
 Black and White,Darren Aronofsky,138,84,0,194,Clint Mansell,1000,3216970,Drama|Mystery|Thriller,Mark Margolis,Pi,142619,2065,Stanley B. Herman,0,mathematician|nature|numbers|pattern|using a metal detector on a beach,http://www.imdb.com/title/tt0138704/?ref_=fn_tt_tt_1,586,English,USA,R,6e4,1998,512,7.5,1.66,24000
Color,Myles Berkowitz,32,87,0,153,Tom Ardavany,1000,536767,Biography|Comedy|Romance,Tia Carrere,20 Dates,1622,1362,Robert McKee,0,fake documentary|hidden camera|mockumentary|narrative|reality show,http://www.imdb.com/title/tt0138987/?ref_=fn_tt_tt_1,83,English,USA,R,6e4,1998,184,5.3,1.85,30
Color,Brett Piper,18,80,7,3,Steve Diasparra,118,NA,Action|Sci-Fi|Thriller,Michelle Simone Miller,Queen Crab,48,138,A.J. DeLucia,0,,http://www.imdb.com/title/tt2319456/?ref_=fn_tt_tt_1,18,English,USA,,75e3,2015,15,4.5,NA,34
Color,Morgan Spurlock,193,100,293,0,Amanda Kearsan,0,11529368,Comedy|Documentary|Drama,Chemeeka Walker,Super Size Me,85028,0,Amelia Giancarlo,2,experiment|fast food|food industry|meal|overeating,http://www.imdb.com/title/tt0390521/?ref_=fn_tt_tt_1,404,English,USA,PG,65e3,2004,0,7.3,1.78,0
Color,Brandon Trost,66,82,32,128,Sean Whalen,968,40557,Comedy,Clifton Collins Jr.,The FP,1389,2046,James DeBello,0,abbreviation in title|based on short film|competition dancing|dystopia|location in title,http://www.imdb.com/title/tt1296373/?ref_=fn_tt_tt_1,22,English,USA,R,6e4,2011,407,5.6,2.35,0
Color,Joe Swanberg,65,82,217,442,Lena Dunham,10000,30084,Comedy|Drama,Anna Kendrick,Happy Christmas,5507,11642,Mark Webber,3,chicago illinois|drink|drinking|filmmaker|writer,http://www.imdb.com/title/tt2955096/?ref_=fn_tt_tt_1,23,English,USA,R,7e4,2014,969,5.6,1.85,812
 Black and White,Joseph Green,95,70,2,6,Jason Evers,24,NA,Horror|Sci-Fi,Virginia Leith,The Brain That Wouldn't Die,4752,52,Bruce Kerr,1,brain|fiance|laboratory|surgeon|surgery,http://www.imdb.com/title/tt0052646/?ref_=fn_tt_tt_1,152,English,USA,Approved,62e3,1962,16,4.1,1.66,1000
Color,Wade Gasque,13,75,0,46,Vincent Duvall,267,NA,Drama,Ty Parker,Tiger Orange,683,488,Loanne Bishop,2,coming out|father son relationship|gay|gay brother|toilet sex,http://www.imdb.com/title/tt2866824/?ref_=fn_tt_tt_1,8,English,USA,Unrated,1e5,2014,87,6.8,1.78,182
Color,Mike Flanagan,125,87,59,9,Courtney Bell,35,NA,Drama|Horror|Mystery,Justin Gordon,Absentia,13065,97,Erin Cipolletti,0,anticipate|dead in absentia|foetus|tunnel|unreliable narration,http://www.imdb.com/title/tt1610996/?ref_=fn_tt_tt_1,136,English,USA,R,7e4,2011,28,5.8,1.78,3000
Color,Edward Burns,36,98,0,73,Michael McGlone,138,10246600,Comedy|Drama|Romance,Shari Albert,The Brothers McMullen,6375,388,Maxine Bahns,0,abusive father|critically acclaimed|loss of father|love|true love,http://www.imdb.com/title/tt0112585/?ref_=fn_tt_tt_1,36,English,USA,R,25e3,1995,111,6.6,1.85,265
Color,Lena Dunham,113,98,969,433,Merritt Wever,969,389804,Comedy|Drama|Romance,Lena Dunham,Tiny Furniture,11816,2530,Jemima Kirke,0,adult returns home|girl with glasses|hipster|shower|title directed by female,http://www.imdb.com/title/tt1570989/?ref_=fn_tt_tt_1,35,English,USA,Not Rated,65e3,2010,529,6.3,2.35,0
Color,Terron R. Parsons,13,93,9,133,Jeremy Sande,743,NA,Crime|Drama|Horror,Richard Tyson,Hayride,485,1527,Corlandos Scott,0,,http://www.imdb.com/title/tt1861343/?ref_=fn_tt_tt_1,5,English,USA,Not Rated,6e4,2012,413,3.4,1.78,284
Color,Jem Cohen,12,111,6,NA,,NA,NA,Documentary,,Counting,61,0,,0,city|city symphony|diary|essay|surveillance,http://www.imdb.com/title/tt4462082/?ref_=fn_tt_tt_1,1,English,USA,,5e4,2015,NA,6.0,1.78,5
 Black and White,Andrew Leman,60,47,2,5,David Mersault,19,NA,Fantasy|Horror|Mystery|Thriller,Dan Novy,The Call of Cthulhu,6261,43,Barry Lynch,0,1920s|cthulhu|dream|sailor|silent film,http://www.imdb.com/title/tt0478988/?ref_=fn_tt_tt_1,99,English,USA,,5e4,2005,9,7.3,1.33,0
Color,Dave Carroll,10,92,0,NA,,0,NA,Documentary,Chris 'Wonder' Schoeck,Bending Steel,53,0,,0,,http://www.imdb.com/title/tt2181837/?ref_=fn_tt_tt_1,10,English,USA,,5e4,2013,NA,7.9,16.0,33
Color,Patrick Meaney,7,81,3,18,Greg Aronowitz,26,NA,Biography|Documentary,Taliesin Jaffe,The Image Revolution,66,70,Jeff Dowd,7,comic book|comic book history|comics|spawn|walking dead,http://www.imdb.com/title/tt2294916/?ref_=fn_tt_tt_1,2,English,USA,,5e4,2014,20,7.4,NA,83
Color,Chad Hartigan,34,83,3,69,Paul Eenhoorn,695,NA,Drama,Jan Haley,This Is Martin Bonner,733,1438,Demetrius Grosse,0,estranged daughter|friendship|nevada|prisoner|unlikely friendship,http://www.imdb.com/title/tt1798291/?ref_=fn_tt_tt_1,7,English,USA,R,42e3,2013,571,6.6,16.0,234
Color,Malcolm Goodwin,NA,96,117,281,Jon Gries,948,NA,Comedy,Katrina Bowden,A True Story,181,2058,Kelen Coleman,5,ellipsis in title|long title|period in title|punctuation in title|title ends with period,http://www.imdb.com/title/tt1524083/?ref_=fn_tt_tt_1,4,English,USA,,45e3,2013,482,5.5,2.35,72
Color,David Gordon Green,75,90,234,15,Eddie Rouse,552,241816,Drama,Paul Schneider,George Washington,6246,642,Damian Jewan Lee,0,cover up|north carolina|redemption|small town|teenager,http://www.imdb.com/title/tt0262432/?ref_=fn_tt_tt_1,76,English,USA,Unrated,42e3,2000,61,7.5,2.35,451
Color,Kevin Jordan,21,90,4,113,Christa Miller,20000,277233,Comedy|Romance,Derick Martini,Smiling Fish & Goat on Fire,2631,20814,Ion Overman,5,accountant|actor|animal in title|mail carrier|single parent,http://www.imdb.com/title/tt0162348/?ref_=fn_tt_tt_1,26,English,USA,R,4e4,1999,467,7.6,1.85,0
Color,Kirk Loudon,3,95,0,279,Johnny Walter,883,NA,Drama|Sci-Fi|Thriller,Barry Corbin,Dawn of the Crescent Moon,34,2618,Shiree Nelson,0,,http://www.imdb.com/title/tt3157318/?ref_=fn_tt_tt_1,2,English,USA,,75e3,2014,507,5.0,NA,87
Color,Travis Legge,2,83,138,76,Patricia Raven,307,NA,Horror,Elissa Dowling,Raymond Did It,192,619,Lindsay Felton,0,blood|independent film|mutilation|violence,http://www.imdb.com/title/tt1716760/?ref_=fn_tt_tt_1,6,English,USA,Unrated,4e4,2011,114,3.2,2.35,239
Color,Collin Joseph Neal,7,75,14,130,Thomas Brophy,252,NA,Horror|Thriller,Julianne Gabert,"Run, Hide, Die",106,638,Ronee Collins,0,,http://www.imdb.com/title/tt2442662/?ref_=fn_tt_tt_1,5,English,USA,,5e4,2012,132,3.7,2.35,225
Color,Mike Bruce,3,78,6,17,Kirpatrick Thomas,32,243768,Western,Joseph Campanella,The Legend of God's Gun,143,72,Christian Anderson,0,,http://www.imdb.com/title/tt1073221/?ref_=fn_tt_tt_1,9,English,USA,R,3e4,2007,17,4.1,2.35,13
Color,Damir Catic,NA,89,2,0,Ron Gelner,5,NA,Horror,Nichole Ceballos,Her Cry: La Llorona Investigation,23,5,Parker Riggs,0,la llorona|weeping,http://www.imdb.com/title/tt2469216/?ref_=fn_tt_tt_1,2,English,USA,Not Rated,6e4,2013,0,5.4,NA,48
 Black and White,Kevin Smith,136,102,0,216,Brian O'Halloran,898,3151130,Comedy,Jason Mewes,Clerks,181749,2103,Jeff Anderson,4,clerk|friend|hockey|video|video store,http://www.imdb.com/title/tt0109445/?ref_=fn_tt_tt_1,615,English,USA,R,23e4,1994,657,7.8,1.37,0
Color,James Bidgood,8,65,0,NA,Bobby Kendall,0,8231,Drama|Fantasy,Don Brooks,Pink Narcissus,803,0,,1,male frontal nudity|male pubic hair|male rear nudity|pubic hair|street hustler,http://www.imdb.com/title/tt0067580/?ref_=fn_tt_tt_1,16,English,USA,Not Rated,27e3,1971,0,6.7,1.37,85
Color,Eric Eason,28,79,3,42,Panchito GÃ³mez,93,NA,Drama|Family,Franky G,Manito,493,243,Casper Martinez,0,ex convict|graduation|manhattan new york city|older brother is bad influence|washington heights manhattan new york city,http://www.imdb.com/title/tt0298050/?ref_=fn_tt_tt_1,21,English,USA,,24e3,2002,46,7.0,1.78,61
 Black and White,Richard Linklater,61,100,0,0,Richard Linklater,5,1227508,Comedy|Drama,Tommy Pallotta,Slacker,15103,5,Jean Caffeine,0,austin texas|moon|pap smear|texas|twenty something,http://www.imdb.com/title/tt0102943/?ref_=fn_tt_tt_1,80,English,USA,R,23e3,1991,0,7.1,1.37,2000
Color,Joseph Mazzella,NA,90,0,9,Mikaal Bates,313,NA,Crime|Drama|Thriller,Tjasa Ferme,Dutch Kills,57,366,Damon Owlia,2,,http://www.imdb.com/title/tt2759066/?ref_=fn_tt_tt_1,2,English,USA,,25e3,2015,25,4.8,NA,33
Color,Travis Legge,1,90,138,138,Suzi Lorraine,370,NA,Comedy|Romance,Kristen Seavey,Dry Spell,114,841,Travis Legge,1,anti romantic comedy|dating|divorce|sex comedy|sex scene,http://www.imdb.com/title/tt2375036/?ref_=fn_tt_tt_1,3,English,USA,,22e3,2013,184,3.3,1.78,200
Color,Alex Kendrick,5,120,589,4,Lisa Arnold,51,NA,Drama,Shannen Fields,Flywheel,2986,108,Janet Lee Dapper,1,baby|car salesman|christian film|pregnancy|used car salesman,http://www.imdb.com/title/tt0425027/?ref_=fn_tt_tt_1,49,English,USA,,2e4,2003,49,6.9,1.85,725
,Brandon Landers,NA,143,8,8,Alana Kaniewski,720,NA,Drama|Horror|Thriller,Robbie Barnes,The Ridges,125,770,Brandon Landers,0,avatar|college|death|tron|university,http://www.imdb.com/title/tt1781935/?ref_=fn_tt_tt_1,8,English,USA,,17350.0,2011,19,3.0,NA,33
Color,Jay Duplass,51,85,157,10,Katie Aselton,830,192467,Comedy|Drama|Romance,Mark Duplass,The Puffy Chair,4067,1064,Bari Hyman,0,birthday|gift|motel|new york city|upholsterer,http://www.imdb.com/title/tt0436689/?ref_=fn_tt_tt_1,71,English,USA,R,15e3,2005,224,6.6,NA,297
Color,Daryl Wein,22,88,38,211,Heather Burns,331,76382,Romance,Zoe Lister-Jones,Breaking Upwards,1194,1546,Ebon Moss-Bachrach,2,,http://www.imdb.com/title/tt1247644/?ref_=fn_tt_tt_1,8,English,USA,,15e3,2009,212,6.2,2.35,324
Color,Jason Trost,42,78,91,86,Jason Trost,407,NA,Sci-Fi|Thriller,Sean Whalen,All Superheroes Must Die,1771,674,Nick Principe,0,arch villain|game of death|kidnapping|superhero,http://www.imdb.com/title/tt1836212/?ref_=fn_tt_tt_1,35,English,USA,Unrated,2e4,2011,91,4.0,2.35,835
Color,John Waters,73,108,0,105,Mink Stole,462,180483,Comedy|Crime|Horror,Divine,Pink Flamingos,16792,760,Edith Massey,2,absurd humor|egg|gross out humor|lesbian|sex,http://www.imdb.com/title/tt0069089/?ref_=fn_tt_tt_1,183,English,USA,NC-17,1e4,1972,143,6.1,1.37,0
Color,Thomas L. Phillips,13,82,120,84,Joe Coffey,785,NA,Comedy|Horror|Thriller,Julianna Pitt,Sanctuary; Quite a Conundrum,133,1111,John Lucas,NA,nudity|party|pirate|swimsuit|three word title,http://www.imdb.com/title/tt2049518/?ref_=fn_tt_tt_1,8,English,USA,,2e5,2012,98,5.4,16.0,424
Color,Shane Carruth,143,77,291,8,David Sullivan,291,424760,Drama|Sci-Fi|Thriller,Shane Carruth,Primer,72639,368,Casey Gooden,0,changing the future|independent film|invention|nonlinear timeline|time travel,http://www.imdb.com/title/tt0390384/?ref_=fn_tt_tt_1,371,English,USA,PG-13,7e3,2004,45,7.0,1.85,19000
Color,Robert Rodriguez,56,81,0,6,Peter Marquardt,121,2040920,Action|Crime|Drama|Romance|Thriller,Carlos Gallardo,El Mariachi,52055,147,Consuelo GÃ³mez,0,assassin|death|guitar|gun|mariachi,http://www.imdb.com/title/tt0104815/?ref_=fn_tt_tt_1,130,Spanish,USA,R,7e3,1992,20,6.9,1.37,0
Color,Anthony Vallone,NA,84,2,2,John Considine,45,NA,Crime|Drama,Richard Jewell,The Mongol King,36,93,Sara Stepnicka,0,jewell|mongol|nostradamus|stepnicka|vallone,http://www.imdb.com/title/tt0430371/?ref_=fn_tt_tt_1,1,English,USA,PG-13,3250.0,2005,44,7.8,NA,4
Color,Edward Burns,14,95,0,133,Caitlin FitzGerald,296,4584,Comedy|Drama,Kerry BishÃ©,Newlyweds,1338,690,Daniella Pineda,1,written and directed by cast member,http://www.imdb.com/title/tt1880418/?ref_=fn_tt_tt_1,14,English,USA,Not Rated,9e3,2011,205,6.4,NA,413
Color,Benjamin Roberds,13,76,0,0,Maxwell Moody,0,NA,Drama|Horror|Thriller,Eva Boehnke,A Plague So Pleasant,38,0,David Chandler,0,,http://www.imdb.com/title/tt2107644/?ref_=fn_tt_tt_1,3,English,USA,,1400.0,2013,0,6.3,NA,16
Color,Jon Gunn,43,90,16,16,Brian Herzlinger,86,85222,Documentary,John August,My Date with Drew,4285,163,Jon Gunn,0,actress name in title|crush|date|four word title|video camera,http://www.imdb.com/title/tt0378407/?ref_=fn_tt_tt_1,84,English,USA,PG,1100.0,2004,23,6.6,1.85,456
